typedef struct {
  size_t x, y, size_x, size_y, data_start;
  float advance, top;
} font_LetterRegion;

font_LetterRegion font_letter_regions[256] = {
    ['0' ] = {  75, 175,  16,  19, 20309,  9.082, 12.000 },
    ['1' ] = { 100, 150,  12,  18, 17955,  5.757, 12.000 },
    ['2' ] = { 125, 150,  16,  18, 18171,  9.025, 12.000 },
    ['3' ] = { 150, 150,  15,  18, 18459,  8.151, 12.000 },
    ['4' ] = { 175, 150,  15,  18, 18729,  8.930, 12.000 },
    ['5' ] = { 200, 150,  15,  18, 18999,  8.645, 12.000 },
    ['6' ] = { 225, 150,  14,  18, 19269,  7.448, 12.000 },
    ['7' ] = {   0, 175,  15,  18, 19521,  8.531, 12.000 },
    ['8' ] = {  25, 175,  14,  19, 19791,  7.714, 12.000 },
    ['9' ] = {  50, 175,  14,  18, 20057,  7.543, 12.000 },
    [' ' ] = {   0,   0,   6,   6,     0,  4.750,  0.000 },
    ['a' ] = {  25,   0,  15,  18,    36,  8.360, 12.000 },
    ['b' ] = {  50,   0,  16,  18,   306,  9.367, 12.000 },
    ['c' ] = {  75,   0,  15,  18,   594,  8.227, 12.000 },
    ['d' ] = { 100,   0,  16,  18,   864,  9.253, 12.000 },
    ['e' ] = { 125,   0,  15,  18,  1152,  8.892, 12.000 },
    ['f' ] = { 150,   0,  16,  19,  1422,  9.101, 12.000 },
    ['g' ] = { 175,   0,  15,  19,  1726,  8.911, 12.000 },
    ['h' ] = { 200,   0,  15,  18,  2011,  8.835, 12.000 },
    ['i' ] = { 225,   0,  17,  18,  2281, 10.070, 12.000 },
    ['j' ] = {   0,  25,  15,  19,  2587,  8.664, 12.000 },
    ['k' ] = {  25,  25,  16,  18,  2872,  9.918, 12.000 },
    ['l' ] = {  50,  25,  15,  18,  3160,  8.835, 12.000 },
    ['m' ] = {  75,  25,  19,  18,  3430, 12.958, 12.000 },
    ['n' ] = { 100,  25,  16,  18,  3772,  9.044, 12.000 },
    ['o' ] = { 125,  25,  16,  18,  4060,  9.595, 12.000 },
    ['p' ] = { 150,  25,  15,  18,  4348,  8.512, 12.000 },
    ['q' ] = { 175,  25,  16,  18,  4618,  9.956, 12.000 },
    ['r' ] = { 200,  25,  15,  18,  4906,  8.607, 12.000 },
    ['s' ] = { 225,  25,  16,  18,  5176,  9.671, 12.000 },
    ['t' ] = {   0,  50,  17,  18,  5464, 10.944, 12.000 },
    ['u' ] = {  25,  50,  16,  18,  5770,  9.804, 12.000 },
    ['v' ] = {  50,  50,  15,  18,  6058,  8.949, 12.000 },
    ['w' ] = {  75,  50,  19,  19,  6328, 12.635, 12.000 },
    ['x' ] = { 100,  50,  16,  19,  6689,  9.557, 12.000 },
    ['y' ] = { 125,  50,  15,  19,  6993,  8.075, 12.000 },
    ['z' ] = { 150,  50,  16,  19,  7278,  9.500, 12.000 },
    ['Z' ] = {  75, 125,  16,  20, 15193,  9.462, 13.000 },
    ['A' ] = { 200,  50,  15,  19,  7902,  8.284, 12.000 },
    ['B' ] = { 225,  50,  16,  18,  8187,  9.367, 12.000 },
    ['C' ] = {   0,  75,  15,  18,  8475,  8.208, 12.000 },
    ['D' ] = {  25,  75,  16,  18,  8745,  9.253, 12.000 },
    ['E' ] = {  50,  75,  15,  18,  9033,  8.930, 12.000 },
    ['F' ] = {  75,  75,  16,  18,  9303,  9.082, 12.000 },
    ['G' ] = { 100,  75,  15,  18,  9591,  8.968, 12.000 },
    ['H' ] = { 125,  75,  15,  18,  9861,  8.892, 12.000 },
    ['I' ] = { 150,  75,  17,  18, 10131, 10.051, 12.000 },
    ['J' ] = { 175,  75,  15,  18, 10437,  8.588, 12.000 },
    ['K' ] = { 200,  75,  16,  18, 10707,  9.918, 12.000 },
    ['L' ] = { 225,  75,  15,  18, 10995,  8.854, 12.000 },
    ['M' ] = {   0, 100,  19,  18, 11265, 12.901, 12.000 },
    ['N' ] = {  25, 100,  16,  18, 11607,  9.101, 12.000 },
    ['O' ] = {  50, 100,  16,  18, 11895,  9.595, 12.000 },
    ['P' ] = {  75, 100,  15,  18, 12183,  8.474, 12.000 },
    ['Q' ] = { 100, 100,  17,  18, 12453,  9.994, 12.000 },
    ['R' ] = { 125, 100,  15,  18, 12759,  8.626, 12.000 },
    ['S' ] = { 150, 100,  16,  19, 13029,  9.671, 12.000 },
    ['T' ] = { 175, 100,  17,  18, 13333, 10.887, 12.000 },
    ['U' ] = { 200, 100,  16,  19, 13639,  9.823, 12.000 },
    ['V' ] = { 225, 100,  16,  19, 13943,  9.006, 12.000 },
    ['W' ] = {   0, 125,  19,  18, 14247, 12.654, 12.000 },
    ['X' ] = {  25, 125,  16,  19, 14589,  9.576, 12.000 },
    ['Y' ] = {  50, 125,  15,  20, 14893,  7.999, 13.000 },
    ['!' ] = { 100, 125,  10,  19, 15513,  3.933, 12.000 },
    ['@' ] = { 125, 125,  17,  16, 15703, 10.792, 10.000 },
    ['#' ] = { 150, 125,  17,  17, 15975, 10.963, 11.000 },
    ['$' ] = { 175, 125,  15,  20, 16264,  7.942, 13.000 },
    ['%' ] = { 200, 125,  18,  18, 16564, 10.963, 11.000 },
    ['^' ] = { 225, 125,  13,  11, 16888,  6.878, 11.000 },
    ['&' ] = {   0, 150,  16,  19, 17031,  9.310, 12.000 },
    ['*' ] = {  25, 150,  15,  13, 17335,  9.025, 12.000 },
    ['(' ] = {  50, 150,  13,  17, 17530,  7.030, 11.000 },
    [')' ] = {  75, 150,  12,  17, 17751,  5.491, 11.000 },
    ['<' ] = { 100, 175,  15,  14, 20613,  9.310, 10.000 },
    [',' ] = { 125, 175,  10,  10, 20823,  3.838,  2.000 },
    ['>' ] = { 150, 175,  14,  14, 20923,  7.980, 10.000 },
    ['.' ] = { 175, 175,  10,   9, 21119,  3.439,  2.000 },
    ['/' ] = { 200, 175,  15,  18, 21209,  9.006, 12.000 },
    ['?' ] = { 225, 175,  14,  19, 21479,  7.296, 12.000 },
    [';' ] = {   0, 200,  10,  15, 21745,  3.800,  8.000 },
    [':' ] = {  25, 200,  10,  15, 21895,  3.553, 10.000 },
    ['\''] = {  50, 200,  10,  10, 22045,  3.287, 12.000 },
    ['\\'] = {  75, 200,  14,  18, 22145,  7.087, 12.000 },
};

#define font_TEX_SIZE_X 256
#define font_TEX_SIZE_Y 256
#define font_BASE_CHAR_SIZE 19
uint8_t font_tex_bytes[22397] = {
      0x0,  0x0,  0x0,  0x0,  0x0,  0x0,  0x0,  0x0,  0x0,  0x0,  0x0,  0x0,  0x0,  0x0,  0x0,  0x0,  0x0,  0x0,  0x0,  0x0,  0x0,  0x0,  0x0,  0x0,  0x0,  0x0,  0x0,  0x0,  0x0,  0x0,
      0x0,  0x0,  0x0,  0x0,  0x0,  0x0,  0x0,  0x9, 0x24, 0x3b, 0x4b, 0x51, 0x52, 0x52, 0x51, 0x4b, 0x3b, 0x24,  0x9,  0x0,  0x0,  0x0, 0x1c, 0x3b, 0x57, 0x6d, 0x75, 0x76, 0x76, 0x75,
     0x6d, 0x57, 0x3b, 0x1c,  0x0,  0x0,  0x5, 0x28, 0x4b, 0x6d, 0x8a, 0x98, 0x9b, 0x9b, 0x98, 0x8a, 0x6d, 0x4b, 0x28,  0x8,  0x0,  0x9, 0x2d, 0x51, 0x75, 0x98, 0xb2, 0xd0, 0xce, 0xb1,
     0x98, 0x75, 0x57, 0x3b, 0x1c,  0x0,  0x9, 0x2e, 0x52, 0x76, 0x9b, 0xc2, 0xe4, 0xe4, 0xc3, 0x9b, 0x8a, 0x6c, 0x4b, 0x28,  0x5, 0x1c, 0x3b, 0x57, 0x76, 0x9b, 0xc9, 0xe5, 0xe4, 0xe4,
     0xb0, 0x98, 0x75, 0x51, 0x2d,  0x8, 0x28, 0x4b, 0x6c, 0x8a, 0x9b, 0xd0, 0xe4, 0xc0, 0xe4, 0xba, 0x9a, 0x76, 0x52, 0x2d,  0x9, 0x2d, 0x51, 0x75, 0x98, 0xb0, 0xe4, 0xc7, 0xb4, 0xe4,
     0xc3, 0x9b, 0x76, 0x57, 0x3b, 0x1c, 0x2d, 0x52, 0x76, 0x9a, 0xb6, 0xe4, 0xbe, 0xae, 0xe4, 0xcd, 0x9b, 0x8a, 0x6c, 0x4b, 0x28, 0x2d, 0x52, 0x76, 0x9b, 0xbc, 0xe4, 0xd0, 0xe4, 0xf3,
     0xe4, 0xb1, 0x98, 0x75, 0x51, 0x2d, 0x2e, 0x52, 0x76, 0x9b, 0xc2, 0xe4, 0xe7, 0xe5, 0xf4, 0xe4, 0xb4, 0x99, 0x76, 0x51, 0x2d, 0x3b, 0x57, 0x76, 0x9b, 0xc9, 0xe5, 0xe4, 0xc9, 0xe5,
     0xe4, 0xb8, 0x9a, 0x76, 0x52, 0x2d, 0x4b, 0x6c, 0x89, 0x9b, 0xd0, 0xe4, 0xb2, 0x9b, 0xca, 0xe4, 0xbc, 0x9b, 0x76, 0x52, 0x2d, 0x51, 0x75, 0x97, 0xaf, 0xe4, 0xcb, 0x9b, 0x9b, 0xc8,
     0xe4, 0xb8, 0x9a, 0x76, 0x52, 0x2d, 0x4b, 0x6c, 0x89, 0x9b, 0xc1, 0xb5, 0x99, 0x9b, 0xbc, 0xc4, 0xae, 0x97, 0x74, 0x51, 0x2d, 0x3b, 0x57, 0x6e, 0x8c, 0x9b, 0x99, 0x8b, 0x8c, 0x9b,
     0x9b, 0x97, 0x89, 0x6c, 0x4b, 0x28, 0x24, 0x3c, 0x58, 0x6e, 0x76, 0x76, 0x6d, 0x6e, 0x76, 0x76, 0x74, 0x6c, 0x57, 0x3b, 0x1b,  0x9, 0x25, 0x3c, 0x4c, 0x52, 0x51, 0x4c, 0x4c, 0x52,
     0x52, 0x51, 0x4b, 0x3b, 0x24,  0x8,  0x8, 0x1b, 0x28, 0x3b, 0x4b, 0x51, 0x52, 0x52, 0x52, 0x52, 0x51, 0x4b, 0x3b, 0x24,  0x8,  0x0, 0x24, 0x3b, 0x4b, 0x57, 0x6d, 0x75, 0x76, 0x76,
     0x76, 0x76, 0x75, 0x6c, 0x57, 0x3b, 0x1c,  0x0, 0x3b, 0x57, 0x6c, 0x74, 0x8a, 0x98, 0x9b, 0x9b, 0x9b, 0x9b, 0x98, 0x89, 0x6c, 0x4b, 0x28,  0x5, 0x4b, 0x6c, 0x89, 0x97, 0x9b, 0xb1,
     0xbb, 0xc1, 0xc2, 0xbc, 0xb0, 0x98, 0x75, 0x51, 0x2d,  0x8, 0x50, 0x74, 0x97, 0xad, 0xc5, 0xe4, 0xe4, 0xe4, 0xe4, 0xe4, 0xc5, 0x9b, 0x76, 0x52, 0x2e,  0x9, 0x51, 0x75, 0x98, 0xaf,
     0xe4, 0xe4, 0xc3, 0xbf, 0xc9, 0xe5, 0xcd, 0x9b, 0x76, 0x52, 0x2e,  0x9, 0x51, 0x74, 0x97, 0xae, 0xe4, 0xe4, 0xb0, 0x9b, 0xb8, 0xe4, 0xc8, 0x9b, 0x76, 0x52, 0x2e,  0x9, 0x4b, 0x6c,
     0x89, 0x9b, 0xe4, 0xe4, 0xba, 0xba, 0xce, 0xe4, 0xb7, 0x9a, 0x76, 0x57, 0x3b, 0x1c, 0x3b, 0x57, 0x76, 0x9b, 0xcd, 0xe6, 0xe4, 0xe4, 0xe7, 0xe4, 0xb9, 0x9a, 0x8a, 0x6d, 0x4b, 0x28,
     0x2e, 0x52, 0x76, 0x9b, 0xca, 0xe5, 0xe4, 0xce, 0xce, 0xe4, 0xe4, 0xb1, 0x98, 0x75, 0x51, 0x2d, 0x2e, 0x52, 0x76, 0x9b, 0xc7, 0xe4, 0xba, 0x9b, 0xad, 0xc4, 0xe4, 0xb9, 0x9a, 0x76,
     0x52, 0x2d, 0x2e, 0x52, 0x76, 0x9b, 0xc5, 0xe4, 0xb9, 0x9b, 0x9b, 0xc1, 0xe4, 0xbc, 0x9b, 0x76, 0x52, 0x2e, 0x2e, 0x52, 0x76, 0x9b, 0xc2, 0xe4, 0xbf, 0xbc, 0xc7, 0xe4, 0xe4, 0xb1,
     0x98, 0x75, 0x51, 0x2d, 0x2e, 0x52, 0x76, 0x9b, 0xbf, 0xe4, 0xe4, 0xe4, 0xe4, 0xce, 0xb6, 0x9a, 0x8a, 0x6d, 0x4b, 0x28, 0x2d, 0x52, 0x76, 0x99, 0xb5, 0xc3, 0xc4, 0xc0, 0xb8, 0xae,
     0x9a, 0x8b, 0x6d, 0x57, 0x3b, 0x1c, 0x29, 0x4c, 0x6d, 0x8b, 0x99, 0x9b, 0x9b, 0x9b, 0x9a, 0x97, 0x89, 0x6d, 0x58, 0x3c, 0x24,  0x9, 0x1c, 0x3c, 0x58, 0x6d, 0x76, 0x76, 0x76, 0x76,
     0x76, 0x74, 0x6c, 0x57, 0x3c, 0x24,  0x9,  0x0,  0x9, 0x24, 0x3c, 0x4c, 0x52, 0x52, 0x52, 0x52, 0x52, 0x51, 0x4b, 0x3b, 0x24,  0x9,  0x0,  0x0,  0x0,  0x8, 0x24, 0x3b, 0x4b, 0x51,
     0x52, 0x52, 0x51, 0x4b, 0x3b, 0x24,  0x9,  0x0,  0x0,  0x8, 0x24, 0x3b, 0x57, 0x6c, 0x74, 0x76, 0x76, 0x75, 0x6d, 0x57, 0x3b, 0x24,  0x8,  0x0, 0x1b, 0x3b, 0x57, 0x6c, 0x89, 0x97,
     0x9b, 0x9b, 0x98, 0x8a, 0x6d, 0x57, 0x3b, 0x1c,  0x0, 0x28, 0x4b, 0x6c, 0x89, 0x97, 0xae, 0xba, 0xbf, 0xb1, 0x98, 0x89, 0x6c, 0x4b, 0x28,  0x5, 0x2d, 0x51, 0x74, 0x97, 0xae, 0xcc,
     0xe4, 0xe4, 0xce, 0xaf, 0x97, 0x75, 0x51, 0x2d,  0x8, 0x2e, 0x52, 0x76, 0x9b, 0xbe, 0xe4, 0xe4, 0xcb, 0xe4, 0xb7, 0x9a, 0x76, 0x52, 0x2d,  0x9, 0x3b, 0x57, 0x76, 0x9b, 0xc9, 0xe4,
     0xba, 0x9b, 0xb0, 0xae, 0x97, 0x74, 0x51, 0x2d,  0x8, 0x4b, 0x6c, 0x89, 0x9b, 0xd0, 0xe4, 0xaf, 0x97, 0x98, 0x97, 0x89, 0x6c, 0x4b, 0x28,  0x5, 0x51, 0x75, 0x98, 0xaf, 0xe4, 0xcd,
     0x9b, 0x89, 0x75, 0x74, 0x6c, 0x57, 0x3b, 0x1b,  0x0, 0x51, 0x75, 0x97, 0xaf, 0xe4, 0xe4, 0xae, 0x97, 0x74, 0x74, 0x6c, 0x57, 0x3b, 0x24,  0x9, 0x4b, 0x6c, 0x89, 0x9b, 0xd0, 0xe4,
     0xb7, 0x9a, 0x89, 0x97, 0x89, 0x6d, 0x58, 0x3b, 0x1c, 0x3b, 0x57, 0x76, 0x9b, 0xc8, 0xe5, 0xcb, 0xaf, 0x9b, 0xae, 0x99, 0x8b, 0x6d, 0x4c, 0x29, 0x2d, 0x52, 0x76, 0x9b, 0xbb, 0xe4,
     0xe5, 0xd0, 0xcb, 0xe4, 0xb4, 0x99, 0x76, 0x51, 0x2d, 0x2c, 0x51, 0x74, 0x97, 0xae, 0xc9, 0xe4, 0xe4, 0xe4, 0xe4, 0xb0, 0x98, 0x75, 0x51, 0x2d, 0x28, 0x4b, 0x6c, 0x89, 0x97, 0xae,
     0xbb, 0xc3, 0xbf, 0xb4, 0x99, 0x89, 0x6c, 0x4b, 0x28, 0x1b, 0x3b, 0x57, 0x6c, 0x89, 0x97, 0x9b, 0x9b, 0x9b, 0x99, 0x8a, 0x6d, 0x57, 0x3b, 0x1c,  0x8, 0x24, 0x3b, 0x57, 0x6c, 0x74,
     0x76, 0x76, 0x76, 0x75, 0x6d, 0x58, 0x3b, 0x24,  0x8,  0x0,  0x8, 0x24, 0x3b, 0x4b, 0x51, 0x52, 0x52, 0x52, 0x51, 0x4b, 0x3b, 0x24,  0x9,  0x0,  0x8, 0x24, 0x3b, 0x4b, 0x51, 0x52,
     0x52, 0x52, 0x52, 0x51, 0x4b, 0x3b, 0x24,  0x9,  0x0,  0x0, 0x1b, 0x3b, 0x57, 0x6c, 0x74, 0x76, 0x76, 0x76, 0x76, 0x75, 0x6d, 0x57, 0x3c, 0x25,  0x9,  0x0, 0x28, 0x4b, 0x6c, 0x89,
     0x97, 0x9b, 0x9b, 0x9b, 0x9b, 0x98, 0x8a, 0x6e, 0x58, 0x3c, 0x24,  0x8, 0x2c, 0x51, 0x74, 0x97, 0xae, 0xbb, 0xc2, 0xc3, 0xc0, 0xb1, 0x9a, 0x8b, 0x6e, 0x57, 0x3b, 0x1b, 0x2e, 0x52,
     0x76, 0x9b, 0xbd, 0xe4, 0xe4, 0xe4, 0xe4, 0xe4, 0xb9, 0x9a, 0x89, 0x6c, 0x4b, 0x28, 0x2e, 0x52, 0x76, 0x9b, 0xc2, 0xe4, 0xc5, 0xbb, 0xc8, 0xe5, 0xd0, 0xad, 0x97, 0x74, 0x51, 0x2c,
     0x2e, 0x52, 0x76, 0x9b, 0xc5, 0xe4, 0xbc, 0x9b, 0xaf, 0xcd, 0xe4, 0xb2, 0x98, 0x75, 0x51, 0x2d, 0x2e, 0x52, 0x76, 0x9b, 0xc7, 0xe4, 0xba, 0x9a, 0x9b, 0xc3, 0xe4, 0xb5, 0x9a, 0x76,
     0x52, 0x2d, 0x2e, 0x52, 0x76, 0x9b, 0xc9, 0xe4, 0xb8, 0x9a, 0x9b, 0xbe, 0xe4, 0xb7, 0x9a, 0x76, 0x52, 0x2d, 0x2e, 0x52, 0x76, 0x9b, 0xcb, 0xe4, 0xb7, 0x9a, 0x9b, 0xbf, 0xe4, 0xb2,
     0x98, 0x75, 0x51, 0x2d, 0x3b, 0x57, 0x76, 0x9b, 0xcd, 0xe4, 0xb5, 0x99, 0xae, 0xcd, 0xe4, 0xad, 0x97, 0x74, 0x51, 0x2c, 0x4b, 0x6c, 0x89, 0x9b, 0xd0, 0xe4, 0xb4, 0xaf, 0xc5, 0xe4,
     0xc6, 0x9b, 0x89, 0x6c, 0x4b, 0x28, 0x51, 0x74, 0x97, 0xad, 0xe4, 0xe5, 0xc7, 0xd0, 0xe4, 0xe4, 0xb4, 0x99, 0x76, 0x57, 0x3b, 0x1b, 0x51, 0x75, 0x98, 0xaf, 0xe4, 0xe5, 0xe5, 0xe4,
     0xd0, 0xb8, 0x9a, 0x8b, 0x6d, 0x4c, 0x29,  0x8, 0x51, 0x74, 0x97, 0xae, 0xc4, 0xc7, 0xc7, 0xc0, 0xb1, 0x9a, 0x8b, 0x6e, 0x58, 0x3b, 0x1c,  0x0, 0x4b, 0x6c, 0x89, 0x97, 0x9b, 0x9b,
     0x9b, 0x9b, 0x98, 0x8a, 0x6e, 0x58, 0x3c, 0x24,  0x9,  0x0, 0x3b, 0x57, 0x6c, 0x74, 0x76, 0x76, 0x76, 0x76, 0x75, 0x6d, 0x57, 0x3c, 0x25,  0x9,  0x0,  0x0, 0x24, 0x3b, 0x4b, 0x51,
     0x52, 0x52, 0x52, 0x52, 0x51, 0x4b, 0x3b, 0x24,  0x9,  0x0,  0x0,  0x0,  0x9, 0x24, 0x3b, 0x4b, 0x51, 0x52, 0x52, 0x52, 0x52, 0x52, 0x51, 0x4b, 0x3b, 0x24,  0x8, 0x24, 0x3b, 0x57,
     0x6d, 0x75, 0x76, 0x76, 0x76, 0x76, 0x76, 0x75, 0x6c, 0x57, 0x3b, 0x1c, 0x3b, 0x57, 0x6d, 0x8a, 0x98, 0x9b, 0x9b, 0x9b, 0x9b, 0x9b, 0x97, 0x89, 0x6c, 0x4b, 0x28, 0x4b, 0x6c, 0x89,
     0x98, 0xb1, 0xbd, 0xc2, 0xc4, 0xc2, 0xbd, 0xaf, 0x97, 0x75, 0x51, 0x2d, 0x51, 0x74, 0x97, 0xae, 0xce, 0xe4, 0xe4, 0xe4, 0xe4, 0xe4, 0xb4, 0x99, 0x76, 0x51, 0x2d, 0x51, 0x75, 0x98,
     0xb2, 0xe4, 0xe4, 0xbe, 0xba, 0xb7, 0xb1, 0x99, 0x8b, 0x6d, 0x4c, 0x29, 0x51, 0x75, 0x98, 0xb2, 0xe4, 0xe4, 0xb0, 0x9a, 0x9a, 0x98, 0x8a, 0x6d, 0x58, 0x3b, 0x1c, 0x51, 0x75, 0x98,
     0xb1, 0xe4, 0xe4, 0xb6, 0xb4, 0xb6, 0xb0, 0x98, 0x89, 0x6c, 0x4b, 0x28, 0x51, 0x75, 0x98, 0xb1, 0xe4, 0xf3, 0xe4, 0xe4, 0xe4, 0xd0, 0xad, 0x97, 0x74, 0x50, 0x2c, 0x51, 0x75, 0x98,
     0xb0, 0xe4, 0xe7, 0xce, 0xc7, 0xc3, 0xb7, 0x9a, 0x89, 0x6c, 0x4b, 0x28, 0x51, 0x75, 0x98, 0xaf, 0xe4, 0xe4, 0xb1, 0x9b, 0x9b, 0x9a, 0x8b, 0x6d, 0x58, 0x3c, 0x1c, 0x51, 0x75, 0x97,
     0xaf, 0xe4, 0xe4, 0xb0, 0x9a, 0x9a, 0x9b, 0x99, 0x8b, 0x6d, 0x4c, 0x29, 0x51, 0x74, 0x97, 0xae, 0xe4, 0xe4, 0xba, 0xb6, 0xb8, 0xbc, 0xb5, 0x99, 0x76, 0x51, 0x2d, 0x51, 0x74, 0x97,
     0xad, 0xe4, 0xe5, 0xe4, 0xe4, 0xe4, 0xe4, 0xcc, 0x9b, 0x76, 0x52, 0x2e, 0x4b, 0x6c, 0x89, 0x9b, 0xc3, 0xc8, 0xc7, 0xc5, 0xc0, 0xba, 0xaf, 0x97, 0x75, 0x51, 0x2d, 0x3b, 0x57, 0x6e,
     0x8c, 0x9b, 0x9b, 0x9b, 0x9b, 0x9b, 0x9a, 0x97, 0x89, 0x6c, 0x4b, 0x28, 0x24, 0x3c, 0x58, 0x6e, 0x76, 0x76, 0x76, 0x76, 0x76, 0x76, 0x75, 0x6c, 0x57, 0x3b, 0x1c,  0x9, 0x25, 0x3c,
     0x4c, 0x52, 0x52, 0x52, 0x52, 0x52, 0x52, 0x51, 0x4b, 0x3b, 0x24,  0x8,  0x9, 0x24, 0x3c, 0x4c, 0x52, 0x52, 0x52, 0x52, 0x52, 0x52, 0x52, 0x4c, 0x3c, 0x25,  0x9,  0x0, 0x24, 0x3c,
     0x58, 0x6d, 0x76, 0x76, 0x76, 0x76, 0x76, 0x76, 0x76, 0x6e, 0x58, 0x3c, 0x24,  0x8, 0x3b, 0x57, 0x6d, 0x8b, 0x9a, 0x9b, 0x9b, 0x9b, 0x9b, 0x9b, 0x9b, 0x8c, 0x6e, 0x57, 0x3b, 0x1c,
     0x4b, 0x6c, 0x89, 0x9a, 0xb6, 0xbf, 0xc2, 0xc3, 0xc3, 0xc2, 0xba, 0x9b, 0x8a, 0x6c, 0x4b, 0x28, 0x51, 0x75, 0x97, 0xaf, 0xe4, 0xe4, 0xe4, 0xe4, 0xe4, 0xe4, 0xe4, 0xb0, 0x98, 0x75,
     0x51, 0x2d, 0x51, 0x74, 0x97, 0xad, 0xe4, 0xe4, 0xc5, 0xba, 0xb8, 0xb6, 0xb0, 0x98, 0x8a, 0x6c, 0x4b, 0x28, 0x4b, 0x6c, 0x89, 0x9b, 0xcd, 0xe4, 0xb9, 0x9b, 0x9b, 0x9b, 0x9a, 0x8b,
     0x6e, 0x57, 0x3b, 0x1c, 0x3b, 0x57, 0x76, 0x9b, 0xc8, 0xe5, 0xcb, 0xc7, 0xcd, 0xc9, 0xb9, 0x9a, 0x76, 0x52, 0x2d,  0x9, 0x2e, 0x52, 0x76, 0x9b, 0xc3, 0xe4, 0xe6, 0xe4, 0xe4, 0xe4,
     0xb9, 0x9a, 0x76, 0x52, 0x2d,  0x9, 0x2e, 0x52, 0x76, 0x9b, 0xbf, 0xe4, 0xe4, 0xb5, 0xb1, 0xad, 0x9a, 0x8b, 0x6e, 0x4c, 0x29,  0x5, 0x2d, 0x52, 0x76, 0x9b, 0xbb, 0xe4, 0xe4, 0xae,
     0x98, 0x97, 0x89, 0x6e, 0x58, 0x3c, 0x1c,  0x0, 0x2d, 0x52, 0x76, 0x9a, 0xb8, 0xe4, 0xe4, 0xaf, 0x97, 0x75, 0x6c, 0x57, 0x3c, 0x25,  0x9,  0x0, 0x2d, 0x51, 0x75, 0x99, 0xb4, 0xe4,
     0xe4, 0xaf, 0x98, 0x75, 0x51, 0x3b, 0x24,  0x9,  0x0,  0x0, 0x2d, 0x51, 0x74, 0x97, 0xae, 0xe4, 0xe4, 0xaf, 0x97, 0x75, 0x51, 0x2d,  0x8,  0x0,  0x0,  0x0, 0x28, 0x4b, 0x6c, 0x89,
     0x9b, 0xbd, 0xca, 0x9b, 0x89, 0x6c, 0x4b, 0x28,  0x5,  0x0,  0x0,  0x0, 0x1b, 0x3b, 0x57, 0x6e, 0x8c, 0x9b, 0x9b, 0x8c, 0x6e, 0x57, 0x3b, 0x1c,  0x0,  0x0,  0x0,  0x0,  0x8, 0x24,
     0x3c, 0x58, 0x6e, 0x76, 0x76, 0x6e, 0x58, 0x3c, 0x24,  0x8,  0x0,  0x0,  0x0,  0x0,  0x0,  0x9, 0x25, 0x3c, 0x4c, 0x52, 0x52, 0x4c, 0x3c, 0x25,  0x9,  0x0,  0x0,  0x0,  0x0,  0x0,
      0x0,  0x0,  0x9, 0x1c, 0x29, 0x2e, 0x2e, 0x29, 0x1c,  0x9,  0x0,  0x0,  0x0,  0x0,  0x0,  0x0,  0x0,  0x0,  0x9, 0x24, 0x3b, 0x4b, 0x51, 0x52, 0x51, 0x4b, 0x3b, 0x24,  0x9,  0x0,
      0x0,  0x0,  0x9, 0x25, 0x3c, 0x57, 0x6d, 0x75, 0x76, 0x75, 0x6c, 0x57, 0x3b, 0x24,  0x9,  0x0,  0x9, 0x24, 0x3c, 0x58, 0x6e, 0x8a, 0x99, 0x9a, 0x97, 0x89, 0x6d, 0x58, 0x3b, 0x1c,
      0x0, 0x1c, 0x3b, 0x57, 0x6e, 0x8c, 0x9b, 0xb3, 0xb9, 0xaf, 0x99, 0x8b, 0x6d, 0x4c, 0x29,  0x5, 0x28, 0x4b, 0x6d, 0x8a, 0x9b, 0xbd, 0xe4, 0xe4, 0xd0, 0xb4, 0x99, 0x76, 0x51, 0x2d,
      0x9, 0x2d, 0x51, 0x75, 0x98, 0xb1, 0xe4, 0xe4, 0xe4, 0xe4, 0xc2, 0x9b, 0x76, 0x52, 0x2e,  0x9, 0x2e, 0x52, 0x76, 0x9b, 0xc0, 0xe4, 0xc4, 0xae, 0xb7, 0xb8, 0x9a, 0x76, 0x52, 0x2d,
      0x9, 0x3b, 0x57, 0x76, 0x9b, 0xc7, 0xe4, 0xb2, 0x98, 0x9a, 0x9a, 0x8b, 0x6e, 0x58, 0x3c, 0x24, 0x4b, 0x6c, 0x89, 0x9b, 0xce, 0xe4, 0xad, 0x9b, 0x9b, 0x9b, 0x9b, 0x8c, 0x6e, 0x57,
     0x3b, 0x51, 0x74, 0x97, 0xae, 0xe4, 0xe4, 0xb3, 0xbf, 0xc1, 0xc3, 0xc0, 0x9b, 0x89, 0x6c, 0x4b, 0x51, 0x74, 0x97, 0xae, 0xe4, 0xe4, 0xc5, 0xe4, 0xe4, 0xe4, 0xcb, 0xad, 0x97, 0x74,
     0x50, 0x4b, 0x6c, 0x89, 0x9b, 0xce, 0xe4, 0xc1, 0xb3, 0xc0, 0xe4, 0xb8, 0x9a, 0x89, 0x6c, 0x4b, 0x3b, 0x57, 0x76, 0x9b, 0xc5, 0xe4, 0xe4, 0xc4, 0xc7, 0xe4, 0xbb, 0x9b, 0x76, 0x57,
     0x3b, 0x2d, 0x51, 0x75, 0x99, 0xb3, 0xe4, 0xe4, 0xe4, 0xe4, 0xe4, 0xba, 0x9a, 0x76, 0x52, 0x2d, 0x29, 0x4b, 0x6d, 0x8a, 0x99, 0xb4, 0xc4, 0xc9, 0xc5, 0xd0, 0xb4, 0x99, 0x76, 0x51,
     0x2d, 0x1c, 0x3b, 0x57, 0x6d, 0x8a, 0x99, 0x9b, 0x9b, 0x9b, 0xae, 0x99, 0x8b, 0x6d, 0x4c, 0x29,  0x9, 0x24, 0x3b, 0x58, 0x6d, 0x75, 0x76, 0x76, 0x89, 0x97, 0x89, 0x6d, 0x58, 0x3b,
     0x1c,  0x0,  0x9, 0x24, 0x3b, 0x4b, 0x51, 0x52, 0x57, 0x6c, 0x74, 0x6c, 0x57, 0x3b, 0x24,  0x9,  0x0,  0x0,  0x9, 0x1c, 0x29, 0x2d, 0x2e, 0x3b, 0x4b, 0x51, 0x4b, 0x3b, 0x24,  0x9,
      0x0,  0x8, 0x24, 0x3b, 0x4b, 0x51, 0x4b, 0x3b, 0x3b, 0x4b, 0x51, 0x51, 0x4b, 0x3b, 0x24,  0x8, 0x24, 0x3b, 0x57, 0x6c, 0x74, 0x6c, 0x57, 0x58, 0x6d, 0x75, 0x75, 0x6c, 0x57, 0x3b,
     0x1c, 0x3b, 0x57, 0x6c, 0x89, 0x97, 0x89, 0x6d, 0x6d, 0x8a, 0x99, 0x98, 0x89, 0x6c, 0x4b, 0x28, 0x4b, 0x6c, 0x89, 0x97, 0xae, 0x99, 0x8b, 0x89, 0x99, 0xb3, 0xb0, 0x98, 0x75, 0x51,
     0x2d, 0x51, 0x74, 0x97, 0xae, 0xd0, 0xb5, 0x99, 0x97, 0xae, 0xd0, 0xc4, 0x9b, 0x76, 0x52, 0x2e, 0x51, 0x75, 0x98, 0xb0, 0xe4, 0xc5, 0x9b, 0x99, 0xb3, 0xe4, 0xc8, 0x9b, 0x76, 0x52,
     0x2e, 0x51, 0x74, 0x97, 0xae, 0xe4, 0xd0, 0xad, 0x9a, 0xb6, 0xe4, 0xcb, 0x9b, 0x76, 0x52, 0x2e, 0x4b, 0x6c, 0x89, 0x9b, 0xe4, 0xe4, 0xb3, 0x9b, 0xb9, 0xe4, 0xce, 0x9b, 0x76, 0x52,
     0x2e, 0x3b, 0x57, 0x76, 0x9b, 0xd0, 0xe5, 0xc9, 0xc3, 0xc8, 0xe5, 0xd0, 0x9b, 0x76, 0x52, 0x2e, 0x2e, 0x52, 0x76, 0x9b, 0xce, 0xe7, 0xe4, 0xe4, 0xe4, 0xf3, 0xe4, 0x9b, 0x76, 0x52,
     0x2e, 0x2e, 0x52, 0x76, 0x9b, 0xcd, 0xe4, 0xbe, 0xb7, 0xba, 0xe4, 0xe4, 0x9b, 0x76, 0x52, 0x2e, 0x2e, 0x52, 0x76, 0x9b, 0xcb, 0xe4, 0xb3, 0x9a, 0xad, 0xe4, 0xe4, 0x9b, 0x76, 0x52,
     0x2e, 0x2e, 0x52, 0x76, 0x9b, 0xca, 0xe4, 0xae, 0x97, 0x9b, 0xcc, 0xd0, 0x9b, 0x76, 0x52, 0x2e, 0x2e, 0x52, 0x76, 0x9b, 0xc7, 0xc8, 0x9b, 0x89, 0x9b, 0xc6, 0xcb, 0x9b, 0x76, 0x52,
     0x2e, 0x2d, 0x52, 0x76, 0x9a, 0xb6, 0xb2, 0x99, 0x76, 0x99, 0xb5, 0xb4, 0x99, 0x76, 0x51, 0x2d, 0x29, 0x4c, 0x6d, 0x8b, 0x9a, 0x99, 0x8a, 0x6d, 0x8b, 0x99, 0x99, 0x8b, 0x6d, 0x4c,
     0x29, 0x1c, 0x3c, 0x58, 0x6d, 0x76, 0x75, 0x6d, 0x58, 0x6d, 0x76, 0x76, 0x6d, 0x58, 0x3b, 0x1c,  0x9, 0x24, 0x3c, 0x4c, 0x52, 0x51, 0x4b, 0x3b, 0x4c, 0x51, 0x51, 0x4c, 0x3b, 0x24,
      0x9,  0x8, 0x24, 0x3b, 0x4b, 0x51, 0x52, 0x52, 0x52, 0x52, 0x52, 0x52, 0x51, 0x4b, 0x3b, 0x24,  0x9,  0x0, 0x1c, 0x3b, 0x57, 0x6c, 0x75, 0x76, 0x76, 0x76, 0x76, 0x76, 0x76, 0x75,
     0x6d, 0x58, 0x3b, 0x1c,  0x0, 0x28, 0x4b, 0x6c, 0x8a, 0x98, 0x9a, 0x9b, 0x9b, 0x9b, 0x9b, 0x9b, 0x99, 0x8a, 0x6d, 0x4b, 0x29,  0x5, 0x2d, 0x51, 0x75, 0x98, 0xb0, 0xb9, 0xbd, 0xbd,
     0xbd, 0xbd, 0xbb, 0xb3, 0x99, 0x75, 0x51, 0x2d,  0x9, 0x2e, 0x52, 0x76, 0x9b, 0xcd, 0xe4, 0xe4, 0xe4, 0xe4, 0xe4, 0xe4, 0xca, 0x9b, 0x76, 0x52, 0x2e,  0x9, 0x2d, 0x52, 0x76, 0x9a,
     0xba, 0xc0, 0xc2, 0xe4, 0xe4, 0xc3, 0xb6, 0xae, 0x97, 0x74, 0x51, 0x2d,  0x8, 0x29, 0x4c, 0x6e, 0x8b, 0x9a, 0x9b, 0xaf, 0xe4, 0xe4, 0xba, 0x9a, 0x97, 0x89, 0x6c, 0x4b, 0x28,  0x5,
     0x1c, 0x3c, 0x58, 0x6e, 0x76, 0x97, 0xaf, 0xe4, 0xe4, 0xbd, 0x9b, 0x76, 0x6c, 0x57, 0x3b, 0x1b,  0x0,  0x9, 0x25, 0x3c, 0x51, 0x75, 0x97, 0xaf, 0xe4, 0xe4, 0xbf, 0x9b, 0x76, 0x52,
     0x3b, 0x24,  0x8,  0x0,  0x8, 0x24, 0x3b, 0x51, 0x75, 0x98, 0xb0, 0xe4, 0xe4, 0xc1, 0x9b, 0x76, 0x52, 0x3b, 0x24,  0x8,  0x0, 0x24, 0x3b, 0x57, 0x6c, 0x75, 0x98, 0xb0, 0xe4, 0xe4,
     0xc0, 0x9b, 0x76, 0x6c, 0x57, 0x3b, 0x24,  0x8, 0x3b, 0x57, 0x6c, 0x89, 0x98, 0x9a, 0xb1, 0xe4, 0xe4, 0xbf, 0x9b, 0x98, 0x89, 0x6c, 0x57, 0x3b, 0x1c, 0x4b, 0x6c, 0x89, 0x98, 0xb0,
     0xba, 0xc3, 0xe4, 0xe5, 0xc9, 0xb9, 0xaf, 0x98, 0x89, 0x6c, 0x4b, 0x28, 0x51, 0x74, 0x97, 0xae, 0xd0, 0xe4, 0xe4, 0xe5, 0xe5, 0xe5, 0xe4, 0xd0, 0xaf, 0x97, 0x75, 0x51, 0x2d, 0x4b,
     0x6c, 0x89, 0x9a, 0xb7, 0xc4, 0xc8, 0xc9, 0xca, 0xc9, 0xc6, 0xbd, 0xad, 0x97, 0x74, 0x51, 0x2c, 0x3b, 0x57, 0x6d, 0x8b, 0x9a, 0x9b, 0x9b, 0x9b, 0x9b, 0x9b, 0x9b, 0x9b, 0x97, 0x89,
     0x6c, 0x4b, 0x28, 0x24, 0x3c, 0x58, 0x6d, 0x76, 0x76, 0x76, 0x76, 0x76, 0x76, 0x76, 0x76, 0x74, 0x6c, 0x57, 0x3b, 0x1b,  0x9, 0x25, 0x3c, 0x4c, 0x52, 0x52, 0x52, 0x52, 0x52, 0x52,
     0x52, 0x52, 0x51, 0x4b, 0x3b, 0x24,  0x8,  0x0,  0x0,  0x0,  0x0,  0x9, 0x24, 0x3c, 0x4c, 0x52, 0x52, 0x4c, 0x3c, 0x25,  0x9,  0x0,  0x0,  0x0,  0x0,  0x0, 0x1c, 0x3c, 0x58, 0x6d,
     0x76, 0x76, 0x6d, 0x58, 0x3c, 0x24,  0x9,  0x0,  0x0,  0x0,  0x5, 0x29, 0x4c, 0x6d, 0x8b, 0x9a, 0x9a, 0x8b, 0x6d, 0x57, 0x3b, 0x1c,  0x0,  0x0,  0x0,  0x9, 0x2d, 0x52, 0x76, 0x9a,
     0xb7, 0xb8, 0x9a, 0x8a, 0x6d, 0x4b, 0x28,  0x0,  0x0,  0x0,  0x9, 0x2e, 0x52, 0x76, 0x9b, 0xcd, 0xe4, 0xb2, 0x99, 0x75, 0x51, 0x2d,  0x0,  0x0,  0x0,  0x9, 0x2e, 0x52, 0x76, 0x9b,
     0xcd, 0xe4, 0xbe, 0x9b, 0x76, 0x52, 0x2e,  0x0,  0x9, 0x1c, 0x29, 0x2e, 0x52, 0x76, 0x9b, 0xca, 0xe4, 0xc2, 0x9b, 0x76, 0x52, 0x2e,  0x9, 0x25, 0x3c, 0x4c, 0x52, 0x52, 0x76, 0x9b,
     0xc6, 0xe4, 0xc5, 0x9b, 0x76, 0x52, 0x2e, 0x24, 0x3c, 0x58, 0x6e, 0x76, 0x76, 0x76, 0x9b, 0xc5, 0xe4, 0xc7, 0x9b, 0x76, 0x52, 0x2e, 0x3b, 0x57, 0x6e, 0x8c, 0x9b, 0x9b, 0x8c, 0x9b,
     0xc6, 0xe4, 0xc8, 0x9b, 0x76, 0x52, 0x2e, 0x4b, 0x6c, 0x89, 0x9b, 0xc4, 0xc0, 0x9b, 0x9b, 0xc7, 0xe4, 0xc8, 0x9b, 0x76, 0x52, 0x2e, 0x51, 0x74, 0x97, 0xae, 0xe4, 0xe4, 0xb0, 0x9b,
     0xcb, 0xe4, 0xc2, 0x9b, 0x76, 0x52, 0x2e, 0x4b, 0x6c, 0x89, 0x9b, 0xc4, 0xe4, 0xc6, 0xbc, 0xe4, 0xe4, 0xb8, 0x9a, 0x76, 0x52, 0x2d, 0x3b, 0x57, 0x75, 0x99, 0xb4, 0xe4, 0xe4, 0xe4,
     0xe6, 0xe4, 0xaf, 0x97, 0x75, 0x51, 0x2d, 0x29, 0x4b, 0x6d, 0x8a, 0x99, 0xb3, 0xc7, 0xe4, 0xcd, 0xb7, 0x9a, 0x89, 0x6c, 0x4b, 0x28, 0x1c, 0x3b, 0x58, 0x6d, 0x8a, 0x99, 0x9b, 0xae,
     0x9b, 0x9a, 0x8b, 0x6d, 0x57, 0x3b, 0x1c,  0x9, 0x24, 0x3b, 0x57, 0x6d, 0x75, 0x89, 0x97, 0x89, 0x76, 0x6d, 0x58, 0x3c, 0x24,  0x8,  0x0,  0x9, 0x24, 0x3b, 0x4b, 0x57, 0x6c, 0x74,
     0x6c, 0x57, 0x4c, 0x3c, 0x24,  0x9,  0x0,  0x0,  0x0,  0x9, 0x1c, 0x29, 0x3b, 0x4b, 0x51, 0x4b, 0x3b, 0x29, 0x1c,  0x9,  0x0,  0x0, 0x24, 0x3b, 0x4b, 0x50, 0x52, 0x52, 0x4c, 0x3c,
     0x4b, 0x51, 0x4b, 0x3b, 0x24,  0x9,  0x0,  0x0, 0x3b, 0x57, 0x6c, 0x74, 0x76, 0x76, 0x6d, 0x58, 0x6c, 0x74, 0x6c, 0x57, 0x3b, 0x24,  0x9,  0x0, 0x4b, 0x6c, 0x89, 0x97, 0x9b, 0x9a,
     0x8b, 0x6d, 0x89, 0x97, 0x89, 0x6d, 0x58, 0x3b, 0x1c,  0x0, 0x50, 0x74, 0x97, 0xad, 0xbf, 0xb7, 0x9a, 0x8b, 0x99, 0xae, 0x99, 0x8a, 0x6d, 0x4b, 0x29,  0x5, 0x51, 0x75, 0x97, 0xaf,
     0xe4, 0xe4, 0xb7, 0x9a, 0xb3, 0xd0, 0xb3, 0x99, 0x75, 0x51, 0x2d,  0x9, 0x4b, 0x6c, 0x89, 0x9b, 0xcd, 0xe4, 0xc5, 0xad, 0xca, 0xe4, 0xb4, 0x99, 0x75, 0x51, 0x2d,  0x9, 0x3b, 0x57,
     0x76, 0x9b, 0xc2, 0xe4, 0xd0, 0xb9, 0xe4, 0xce, 0xad, 0x97, 0x74, 0x51, 0x2c,  0x8, 0x2d, 0x52, 0x76, 0x9a, 0xb8, 0xe4, 0xe7, 0xe4, 0xe4, 0xc0, 0x9b, 0x89, 0x6c, 0x4b, 0x28,  0x8,
     0x2d, 0x51, 0x75, 0x98, 0xb0, 0xe4, 0xff, 0xff, 0xe4, 0xb9, 0x9a, 0x8a, 0x6d, 0x57, 0x3b, 0x1b, 0x2c, 0x51, 0x74, 0x97, 0xad, 0xe4, 0xf4, 0xe5, 0xe7, 0xd0, 0xb3, 0x99, 0x89, 0x6c,
     0x4b, 0x28, 0x2c, 0x50, 0x74, 0x97, 0xad, 0xe4, 0xe5, 0xca, 0xe4, 0xe5, 0xca, 0xad, 0x97, 0x74, 0x51, 0x2c, 0x2d, 0x51, 0x75, 0x97, 0xaf, 0xe4, 0xe4, 0xb3, 0xc3, 0xe4, 0xe4, 0xba,
     0x9a, 0x76, 0x52, 0x2d, 0x2d, 0x51, 0x75, 0x98, 0xb1, 0xe4, 0xe4, 0xad, 0xae, 0xc7, 0xe4, 0xc7, 0x9b, 0x76, 0x52, 0x2e, 0x2d, 0x51, 0x76, 0x99, 0xb4, 0xe4, 0xc7, 0x9b, 0x98, 0xaf,
     0xcd, 0xd0, 0x9b, 0x76, 0x52, 0x2e, 0x2d, 0x51, 0x74, 0x97, 0xae, 0xc4, 0xb3, 0x99, 0x89, 0x99, 0xb3, 0xb7, 0x9a, 0x76, 0x52, 0x2d, 0x28, 0x4b, 0x6c, 0x89, 0x97, 0x9b, 0x99, 0x8a,
     0x6d, 0x8a, 0x99, 0x9a, 0x8b, 0x6d, 0x4c, 0x29, 0x1b, 0x3b, 0x57, 0x6c, 0x74, 0x76, 0x75, 0x6d, 0x57, 0x6d, 0x75, 0x76, 0x6d, 0x58, 0x3c, 0x1c,  0x8, 0x24, 0x3b, 0x4b, 0x51, 0x52,
     0x51, 0x4b, 0x3b, 0x4b, 0x51, 0x52, 0x4c, 0x3c, 0x25,  0x9,  0x9, 0x25, 0x3c, 0x4c, 0x52, 0x52, 0x4c, 0x3c, 0x24,  0x9,  0x0,  0x0,  0x0,  0x0,  0x0, 0x24, 0x3c, 0x58, 0x6e, 0x76,
     0x76, 0x6d, 0x58, 0x3c, 0x1c,  0x0,  0x0,  0x0,  0x0,  0x0, 0x3b, 0x57, 0x6e, 0x8c, 0x9b, 0x9a, 0x8b, 0x6d, 0x4c, 0x29,  0x5,  0x0,  0x0,  0x0,  0x0, 0x4b, 0x6c, 0x8a, 0x9b, 0xba,
     0xb7, 0x9a, 0x76, 0x52, 0x2d,  0x9,  0x0,  0x0,  0x0,  0x0, 0x51, 0x75, 0x98, 0xb1, 0xe4, 0xca, 0x9b, 0x76, 0x57, 0x3b, 0x1b,  0x0,  0x0,  0x0,  0x0, 0x51, 0x75, 0x99, 0xb2, 0xe4,
     0xe4, 0x9b, 0x89, 0x6c, 0x4b, 0x28,  0x5,  0x0,  0x0,  0x0, 0x51, 0x75, 0x99, 0xb2, 0xe4, 0xe4, 0xaf, 0x97, 0x75, 0x51, 0x2d,  0x8,  0x0,  0x0,  0x0, 0x51, 0x75, 0x98, 0xb2, 0xe4,
     0xe4, 0xb1, 0x98, 0x75, 0x51, 0x2d,  0x9,  0x0,  0x0,  0x0, 0x51, 0x75, 0x98, 0xb1, 0xe4, 0xe4, 0xb1, 0x98, 0x75, 0x51, 0x2e, 0x29, 0x1c,  0x9,  0x0, 0x51, 0x75, 0x98, 0xb1, 0xe4,
     0xe4, 0xb0, 0x98, 0x75, 0x52, 0x52, 0x4c, 0x3c, 0x25,  0x9, 0x51, 0x75, 0x98, 0xb0, 0xe4, 0xe4, 0xaf, 0x97, 0x76, 0x76, 0x76, 0x6e, 0x58, 0x3c, 0x1c, 0x51, 0x75, 0x98, 0xaf, 0xe4,
     0xe4, 0xae, 0x9b, 0x9b, 0x9b, 0x9b, 0x8c, 0x6e, 0x4c, 0x29, 0x51, 0x74, 0x97, 0xae, 0xe4, 0xe5, 0xc7, 0xc5, 0xc8, 0xcb, 0xc0, 0x9b, 0x76, 0x52, 0x2e, 0x51, 0x74, 0x97, 0xad, 0xe4,
     0xe4, 0xe4, 0xe4, 0xe4, 0xd0, 0xbe, 0x9b, 0x76, 0x52, 0x2e, 0x4b, 0x6c, 0x89, 0x99, 0xb5, 0xb9, 0xb8, 0xb4, 0xb1, 0xad, 0x9b, 0x8c, 0x6e, 0x4c, 0x29, 0x3b, 0x57, 0x6d, 0x8b, 0x99,
     0x9a, 0x9a, 0x99, 0x98, 0x97, 0x89, 0x6e, 0x58, 0x3c, 0x1c, 0x24, 0x3b, 0x58, 0x6d, 0x76, 0x76, 0x76, 0x76, 0x75, 0x74, 0x6c, 0x57, 0x3c, 0x25,  0x9,  0x9, 0x24, 0x3b, 0x4c, 0x51,
     0x52, 0x52, 0x51, 0x51, 0x51, 0x4b, 0x3b, 0x24,  0x9,  0x0,  0x0,  0x0,  0x8, 0x24, 0x3b, 0x4b, 0x51, 0x52, 0x51, 0x4c, 0x51, 0x52, 0x4c, 0x3c, 0x25,  0x9,  0x0,  0x0,  0x0,  0x0,
      0x0, 0x1c, 0x3b, 0x57, 0x6c, 0x75, 0x76, 0x74, 0x6d, 0x76, 0x76, 0x6e, 0x58, 0x3c, 0x25,  0x9,  0x0,  0x0,  0x0,  0x9, 0x28, 0x4b, 0x6c, 0x89, 0x97, 0x9b, 0x97, 0x8b, 0x99, 0x9b,
     0x8c, 0x6e, 0x58, 0x3c, 0x1c,  0x0,  0x0,  0x0, 0x1c, 0x3c, 0x58, 0x75, 0x97, 0xaf, 0xbb, 0xae, 0x99, 0xb4, 0xbb, 0x9b, 0x8b, 0x6e, 0x4c, 0x29,  0x8,  0x0,  0x8, 0x29, 0x4c, 0x6d,
     0x8b, 0x9b, 0xc5, 0xe4, 0xc0, 0xae, 0xcd, 0xe4, 0xb9, 0x9a, 0x76, 0x57, 0x3b, 0x1b,  0x0, 0x1b, 0x3b, 0x57, 0x76, 0x99, 0xb5, 0xe4, 0xf3, 0xe4, 0xc9, 0xe5, 0xe4, 0xc6, 0x9b, 0x89,
     0x6c, 0x4b, 0x28,  0x5, 0x28, 0x4b, 0x6c, 0x89, 0x9b, 0xc3, 0xe4, 0xe4, 0xf3, 0xe5, 0xe5, 0xf3, 0xe4, 0xae, 0x97, 0x74, 0x51, 0x2d,  0x8, 0x2c, 0x51, 0x74, 0x97, 0xae, 0xd0, 0xe4,
     0xc5, 0xe4, 0xe5, 0xc8, 0xe4, 0xe4, 0xb7, 0x9a, 0x76, 0x57, 0x3b, 0x1b, 0x2d, 0x51, 0x76, 0x99, 0xb5, 0xe4, 0xe4, 0xb0, 0xca, 0xe4, 0xb6, 0xc6, 0xe4, 0xc3, 0x9b, 0x89, 0x6c, 0x4b,
     0x28, 0x2e, 0x52, 0x76, 0x9b, 0xbe, 0xe4, 0xcc, 0x9b, 0xb2, 0xbe, 0x9b, 0xbb, 0xe4, 0xd0, 0xad, 0x97, 0x74, 0x51, 0x2c, 0x3b, 0x57, 0x76, 0x9b, 0xc6, 0xe4, 0xc3, 0x9b, 0x99, 0x9b,
     0x98, 0xb2, 0xe4, 0xe4, 0xb5, 0x99, 0x76, 0x52, 0x2d, 0x4b, 0x6c, 0x89, 0x9b, 0xcd, 0xe4, 0xbb, 0x9b, 0x76, 0x76, 0x8a, 0x9b, 0xc9, 0xe4, 0xc0, 0x9b, 0x76, 0x57, 0x3b, 0x51, 0x74,
     0x97, 0xae, 0xe4, 0xe4, 0xb3, 0x99, 0x75, 0x57, 0x76, 0x9b, 0xba, 0xe4, 0xca, 0x9b, 0x89, 0x6c, 0x4b, 0x51, 0x75, 0x98, 0xb0, 0xe4, 0xce, 0xad, 0x97, 0x74, 0x51, 0x75, 0x97, 0xaf,
     0xe4, 0xe4, 0xae, 0x97, 0x74, 0x51, 0x51, 0x74, 0x97, 0xae, 0xcd, 0xba, 0x9a, 0x89, 0x6c, 0x4b, 0x6c, 0x89, 0x9b, 0xbc, 0xca, 0x9b, 0x89, 0x6c, 0x4b, 0x4b, 0x6c, 0x89, 0x97, 0x9b,
     0x9a, 0x8b, 0x6e, 0x57, 0x3b, 0x57, 0x6e, 0x8c, 0x9b, 0x9b, 0x8c, 0x6e, 0x57, 0x3b, 0x3b, 0x57, 0x6c, 0x74, 0x76, 0x76, 0x6e, 0x58, 0x3c, 0x24, 0x3c, 0x58, 0x6e, 0x76, 0x76, 0x6e,
     0x58, 0x3c, 0x24, 0x24, 0x3b, 0x4b, 0x51, 0x52, 0x52, 0x4c, 0x3c, 0x25,  0x9, 0x25, 0x3c, 0x4c, 0x52, 0x52, 0x4c, 0x3c, 0x25,  0x9,  0x0,  0x9, 0x1c, 0x29, 0x2e, 0x2e, 0x29, 0x3b,
     0x4b, 0x51, 0x52, 0x4c, 0x3c, 0x25,  0x9,  0x0,  0x9, 0x25, 0x3c, 0x4c, 0x52, 0x52, 0x4c, 0x57, 0x6c, 0x75, 0x76, 0x6e, 0x58, 0x3c, 0x24,  0x8, 0x1c, 0x3c, 0x58, 0x6e, 0x76, 0x76,
     0x6e, 0x6c, 0x89, 0x97, 0x9b, 0x8c, 0x6e, 0x57, 0x3b, 0x1c, 0x29, 0x4c, 0x6e, 0x8c, 0x9b, 0x9b, 0x8c, 0x75, 0x97, 0xaf, 0xc3, 0x9b, 0x89, 0x6c, 0x4b, 0x28, 0x2e, 0x52, 0x76, 0x9b,
     0xc6, 0xc2, 0x9b, 0x8b, 0x9b, 0xc0, 0xe4, 0xaf, 0x98, 0x75, 0x51, 0x2d, 0x2e, 0x52, 0x76, 0x9b, 0xe4, 0xe4, 0xb8, 0x9a, 0x9b, 0xc6, 0xe4, 0xb1, 0x98, 0x75, 0x51, 0x2d, 0x2e, 0x52,
     0x76, 0x9b, 0xe4, 0xe7, 0xce, 0xae, 0x9b, 0xc7, 0xe4, 0xb2, 0x99, 0x75, 0x51, 0x2d, 0x2e, 0x52, 0x76, 0x9b, 0xe4, 0xf5, 0xe4, 0xbf, 0x9b, 0xc8, 0xe4, 0xb3, 0x99, 0x75, 0x51, 0x2d,
     0x3b, 0x57, 0x76, 0x9b, 0xe4, 0xf3, 0xe4, 0xe4, 0xb2, 0xc9, 0xe4, 0xb4, 0x99, 0x75, 0x51, 0x2d, 0x4b, 0x6c, 0x89, 0x9b, 0xe4, 0xe4, 0xc6, 0xe4, 0xc6, 0xca, 0xe4, 0xb3, 0x99, 0x75,
     0x51, 0x2d, 0x51, 0x74, 0x97, 0xad, 0xe4, 0xe4, 0xb5, 0xe4, 0xe4, 0xe5, 0xe4, 0xb2, 0x99, 0x75, 0x51, 0x2d, 0x51, 0x75, 0x97, 0xaf, 0xe4, 0xe4, 0xb4, 0xc0, 0xe4, 0xf5, 0xe4, 0xb1,
     0x98, 0x75, 0x51, 0x2d, 0x51, 0x75, 0x98, 0xb1, 0xe4, 0xe4, 0xb2, 0xaf, 0xcd, 0xe6, 0xe4, 0xae, 0x97, 0x74, 0x51, 0x2c, 0x51, 0x75, 0x98, 0xb0, 0xe4, 0xca, 0xad, 0x9a, 0xb6, 0xe4,
     0xca, 0x9b, 0x89, 0x6c, 0x4b, 0x28, 0x4b, 0x6c, 0x8a, 0x9b, 0xbf, 0xb5, 0x99, 0x8b, 0x9a, 0xb6, 0xb5, 0x99, 0x76, 0x57, 0x3b, 0x1b, 0x3b, 0x57, 0x6e, 0x8c, 0x9b, 0x99, 0x8b, 0x6d,
     0x8b, 0x9a, 0x99, 0x8b, 0x6d, 0x4c, 0x29,  0x8, 0x24, 0x3c, 0x58, 0x6e, 0x76, 0x76, 0x6d, 0x58, 0x6d, 0x76, 0x76, 0x6d, 0x58, 0x3c, 0x1c,  0x0,  0x9, 0x25, 0x3c, 0x4c, 0x52, 0x51,
     0x4c, 0x3c, 0x4c, 0x52, 0x51, 0x4c, 0x3c, 0x24,  0x9,  0x0,  0x0,  0x8, 0x24, 0x3b, 0x4b, 0x51, 0x52, 0x52, 0x51, 0x4c, 0x3b, 0x28, 0x1c,  0x8,  0x0,  0x0,  0x8, 0x24, 0x3b, 0x57,
     0x6c, 0x74, 0x76, 0x76, 0x76, 0x6d, 0x58, 0x4b, 0x3b, 0x24,  0x8,  0x0, 0x1b, 0x3b, 0x57, 0x6c, 0x89, 0x97, 0x9a, 0x9b, 0x99, 0x8b, 0x75, 0x6c, 0x57, 0x3b, 0x1c,  0x0, 0x28, 0x4b,
     0x6c, 0x89, 0x97, 0xae, 0xb9, 0xbc, 0xb4, 0x9b, 0x97, 0x89, 0x6c, 0x4b, 0x28,  0x9, 0x2d, 0x51, 0x74, 0x97, 0xae, 0xc9, 0xe4, 0xe4, 0xe4, 0xc3, 0xaf, 0x97, 0x75, 0x57, 0x3b, 0x1c,
     0x2d, 0x52, 0x76, 0x9b, 0xbc, 0xe4, 0xe4, 0xc1, 0xc4, 0xe4, 0xc1, 0x9b, 0x8a, 0x6d, 0x4b, 0x28, 0x3b, 0x57, 0x76, 0x9b, 0xcb, 0xe4, 0xbc, 0x9b, 0xad, 0xc8, 0xe4, 0xb1, 0x98, 0x75,
     0x51, 0x2d, 0x4b, 0x6c, 0x89, 0x9b, 0xe4, 0xe4, 0xb1, 0x98, 0x9b, 0xbb, 0xe4, 0xb9, 0x9a, 0x76, 0x52, 0x2d, 0x51, 0x75, 0x97, 0xaf, 0xe4, 0xe4, 0xad, 0x97, 0x9a, 0xb7, 0xe4, 0xbe,
     0x9b, 0x76, 0x52, 0x2e, 0x51, 0x74, 0x97, 0xae, 0xe4, 0xe4, 0xaf, 0x97, 0x99, 0xb4, 0xe4, 0xc3, 0x9b, 0x76, 0x52, 0x2e, 0x4b, 0x6c, 0x89, 0x9b, 0xce, 0xe4, 0xba, 0x9a, 0x99, 0xb3,
     0xe4, 0xc3, 0x9b, 0x76, 0x52, 0x2e, 0x3b, 0x57, 0x76, 0x9b, 0xbf, 0xe4, 0xcc, 0xad, 0x9a, 0xb9, 0xe4, 0xbc, 0x9b, 0x76, 0x52, 0x2d, 0x2d, 0x51, 0x75, 0x97, 0xaf, 0xcd, 0xe5, 0xc8,
     0xb9, 0xca, 0xe4, 0xb0, 0x98, 0x75, 0x51, 0x2d, 0x28, 0x4b, 0x6c, 0x89, 0x99, 0xb3, 0xcd, 0xe4, 0xe4, 0xe4, 0xbe, 0x9b, 0x89, 0x6c, 0x4b, 0x28, 0x1c, 0x3b, 0x57, 0x6d, 0x8a, 0x99,
     0xaf, 0xbe, 0xc6, 0xbc, 0x9b, 0x8c, 0x6e, 0x57, 0x3b, 0x1c,  0x8, 0x24, 0x3b, 0x57, 0x6d, 0x89, 0x98, 0x9b, 0x9b, 0x9b, 0x8c, 0x6e, 0x58, 0x3c, 0x24,  0x8,  0x0,  0x9, 0x24, 0x3b,
     0x57, 0x6c, 0x75, 0x76, 0x76, 0x76, 0x6e, 0x58, 0x3c, 0x25,  0x9,  0x0,  0x0,  0x0,  0x9, 0x24, 0x3b, 0x4b, 0x51, 0x52, 0x52, 0x52, 0x4c, 0x3c, 0x25,  0x9,  0x0,  0x0,  0x8, 0x24,
     0x3b, 0x4b, 0x51, 0x52, 0x52, 0x52, 0x51, 0x4b, 0x3b, 0x28, 0x1c,  0x8,  0x0, 0x1b, 0x3b, 0x57, 0x6c, 0x74, 0x76, 0x76, 0x76, 0x75, 0x6d, 0x57, 0x4b, 0x3b, 0x24,  0x8, 0x28, 0x4b,
     0x6c, 0x89, 0x97, 0x9a, 0x9b, 0x9a, 0x98, 0x8a, 0x75, 0x6c, 0x57, 0x3b, 0x1c, 0x2c, 0x51, 0x74, 0x97, 0xad, 0xba, 0xbf, 0xba, 0xb2, 0x9b, 0x98, 0x89, 0x6c, 0x4b, 0x28, 0x2e, 0x52,
     0x76, 0x9b, 0xbe, 0xe4, 0xe4, 0xe4, 0xe4, 0xc8, 0xb0, 0x98, 0x75, 0x51, 0x2d, 0x2e, 0x52, 0x76, 0x9b, 0xc4, 0xe4, 0xc0, 0xb9, 0xc4, 0xe4, 0xbc, 0x9b, 0x76, 0x52, 0x2e, 0x2e, 0x52,
     0x76, 0x9b, 0xc8, 0xe4, 0xb8, 0x9b, 0xb0, 0xe4, 0xc1, 0x9b, 0x76, 0x52, 0x2e, 0x2e, 0x52, 0x76, 0x9b, 0xcb, 0xe4, 0xbf, 0xbb, 0xc9, 0xe4, 0xbc, 0x9b, 0x76, 0x52, 0x2d, 0x3b, 0x57,
     0x76, 0x9b, 0xce, 0xe7, 0xe4, 0xe4, 0xe4, 0xc6, 0xae, 0x97, 0x74, 0x51, 0x2c, 0x4b, 0x6c, 0x89, 0x9b, 0xe4, 0xe5, 0xc7, 0xbc, 0xb3, 0x9b, 0x97, 0x89, 0x6c, 0x4b, 0x28, 0x51, 0x75,
     0x97, 0xaf, 0xe4, 0xe4, 0xb4, 0x9b, 0x99, 0x8a, 0x74, 0x6c, 0x57, 0x3b, 0x1b, 0x51, 0x75, 0x98, 0xb0, 0xe4, 0xe4, 0xb0, 0x98, 0x75, 0x6d, 0x57, 0x4b, 0x3b, 0x24,  0x8, 0x51, 0x75,
     0x98, 0xb1, 0xe4, 0xe4, 0xad, 0x97, 0x74, 0x51, 0x3b, 0x28, 0x1b,  0x8,  0x0, 0x51, 0x74, 0x97, 0xae, 0xe4, 0xca, 0x9b, 0x89, 0x6c, 0x4b, 0x28,  0x9,  0x0,  0x0,  0x0, 0x4b, 0x6c,
     0x89, 0x9b, 0xbd, 0xb6, 0x9a, 0x76, 0x57, 0x3b, 0x1b,  0x0,  0x0,  0x0,  0x0, 0x3b, 0x57, 0x6e, 0x8c, 0x9b, 0x9a, 0x8b, 0x6d, 0x4c, 0x29,  0x8,  0x0,  0x0,  0x0,  0x0, 0x24, 0x3c,
     0x58, 0x6e, 0x76, 0x76, 0x6d, 0x58, 0x3c, 0x1c,  0x0,  0x0,  0x0,  0x0,  0x0,  0x9, 0x25, 0x3c, 0x4c, 0x52, 0x52, 0x4c, 0x3c, 0x24,  0x9,  0x0,  0x0,  0x0,  0x0,  0x0,  0x0,  0x8,
     0x24, 0x3b, 0x4b, 0x51, 0x52, 0x52, 0x51, 0x4c, 0x3b, 0x28, 0x1b,  0x8,  0x0,  0x0,  0x8, 0x24, 0x3b, 0x57, 0x6c, 0x74, 0x76, 0x76, 0x76, 0x6d, 0x58, 0x4b, 0x3b, 0x24,  0x8,  0x0,
     0x1c, 0x3b, 0x57, 0x6c, 0x89, 0x97, 0x9a, 0x9b, 0x99, 0x8b, 0x74, 0x6c, 0x57, 0x3b, 0x1b,  0x0, 0x28, 0x4b, 0x6c, 0x89, 0x98, 0xae, 0xb9, 0xbc, 0xb4, 0x9b, 0x97, 0x89, 0x6c, 0x4b,
     0x28,  0x9, 0x2d, 0x51, 0x75, 0x98, 0xaf, 0xc8, 0xe4, 0xe4, 0xe4, 0xc1, 0xae, 0x97, 0x74, 0x57, 0x3b, 0x1c, 0x2e, 0x52, 0x76, 0x9b, 0xbe, 0xe4, 0xe4, 0xc1, 0xc4, 0xe4, 0xc5, 0x9b,
     0x8a, 0x6d, 0x4b, 0x28, 0x3b, 0x57, 0x76, 0x9b, 0xc6, 0xe4, 0xbc, 0x9b, 0xad, 0xc8, 0xe4, 0xb2, 0x98, 0x75, 0x51, 0x2d, 0x4b, 0x6c, 0x89, 0x9b, 0xce, 0xe4, 0xb0, 0x98, 0x9b, 0xbb,
     0xe4, 0xbb, 0x9b, 0x76, 0x52, 0x2d, 0x51, 0x75, 0x98, 0xaf, 0xe4, 0xe4, 0xad, 0x97, 0x9a, 0xb6, 0xe4, 0xc1, 0x9b, 0x76, 0x52, 0x2e, 0x51, 0x74, 0x97, 0xae, 0xe4, 0xe4, 0xae, 0x97,
     0x99, 0xb3, 0xe4, 0xc4, 0x9b, 0x76, 0x52, 0x2e, 0x4b, 0x6c, 0x89, 0x9b, 0xcd, 0xe4, 0xb9, 0x9a, 0x99, 0xb3, 0xe4, 0xc1, 0x9b, 0x76, 0x52, 0x2e, 0x3b, 0x57, 0x76, 0x9b, 0xbf, 0xe4,
     0xcc, 0xad, 0xaf, 0xc1, 0xe4, 0xbb, 0x9b, 0x76, 0x52, 0x2d, 0x2d, 0x51, 0x75, 0x98, 0xb0, 0xcd, 0xe5, 0xc8, 0xbe, 0xe4, 0xe4, 0xb7, 0x9a, 0x76, 0x57, 0x3b, 0x28, 0x4b, 0x6c, 0x89,
     0x99, 0xb3, 0xce, 0xe4, 0xe4, 0xe4, 0xe4, 0xc5, 0x9b, 0x89, 0x6c, 0x4b, 0x1c, 0x3b, 0x57, 0x6d, 0x8a, 0x99, 0xaf, 0xbb, 0xc5, 0xbb, 0xc0, 0xd0, 0xae, 0x97, 0x74, 0x51,  0x8, 0x24,
     0x3b, 0x58, 0x6d, 0x89, 0x98, 0x9b, 0x9b, 0x9b, 0x9b, 0x9b, 0x97, 0x89, 0x6c, 0x4b,  0x0,  0x9, 0x24, 0x3b, 0x57, 0x6c, 0x75, 0x76, 0x76, 0x76, 0x76, 0x76, 0x74, 0x6c, 0x57, 0x3b,
      0x0,  0x0,  0x9, 0x24, 0x3b, 0x4b, 0x51, 0x52, 0x52, 0x52, 0x52, 0x52, 0x51, 0x4b, 0x3b, 0x24,  0x8, 0x24, 0x3b, 0x4b, 0x51, 0x52, 0x52, 0x52, 0x51, 0x4b, 0x3b, 0x28, 0x1c,  0x8,
      0x0, 0x1b, 0x3b, 0x57, 0x6c, 0x74, 0x76, 0x76, 0x76, 0x75, 0x6c, 0x57, 0x4b, 0x3b, 0x24,  0x8, 0x28, 0x4b, 0x6c, 0x89, 0x97, 0x9a, 0x9b, 0x9a, 0x98, 0x8a, 0x75, 0x6c, 0x57, 0x3b,
     0x1c, 0x2d, 0x51, 0x74, 0x97, 0xae, 0xba, 0xbf, 0xb9, 0xb0, 0x9b, 0x98, 0x8a, 0x6c, 0x4b, 0x28, 0x2e, 0x52, 0x76, 0x9b, 0xbe, 0xe4, 0xe4, 0xe4, 0xe4, 0xc8, 0xb0, 0x98, 0x75, 0x51,
     0x2d, 0x2e, 0x52, 0x76, 0x9b, 0xc5, 0xe4, 0xc3, 0xbb, 0xc5, 0xe4, 0xc0, 0x9b, 0x76, 0x52, 0x2e, 0x2e, 0x52, 0x76, 0x9b, 0xc9, 0xe4, 0xba, 0x9b, 0xae, 0xd0, 0xc5, 0x9b, 0x76, 0x52,
     0x2e, 0x3b, 0x57, 0x76, 0x9b, 0xcc, 0xe4, 0xbd, 0xb8, 0xc6, 0xe4, 0xc1, 0x9b, 0x76, 0x52, 0x2e, 0x4b, 0x6c, 0x89, 0x9b, 0xd0, 0xe7, 0xe4, 0xe4, 0xe4, 0xcd, 0xb1, 0x98, 0x75, 0x51,
     0x2d, 0x50, 0x74, 0x97, 0xad, 0xe4, 0xf5, 0xe5, 0xc7, 0xba, 0xae, 0x98, 0x8a, 0x6d, 0x4b, 0x28, 0x51, 0x75, 0x97, 0xaf, 0xe4, 0xf5, 0xe6, 0xcb, 0xaf, 0x98, 0x89, 0x6d, 0x57, 0x3b,
     0x1c, 0x51, 0x75, 0x98, 0xb0, 0xe4, 0xe7, 0xce, 0xe4, 0xc6, 0xad, 0x97, 0x74, 0x50, 0x2c,  0x9, 0x51, 0x75, 0x98, 0xb1, 0xe4, 0xe4, 0xb3, 0xe4, 0xe4, 0xb9, 0x9a, 0x76, 0x52, 0x2d,
      0x9, 0x51, 0x75, 0x98, 0xb0, 0xe4, 0xcd, 0x9b, 0xba, 0xe4, 0xc9, 0x9b, 0x76, 0x52, 0x2e,  0x9, 0x51, 0x74, 0x97, 0xad, 0xc6, 0xbb, 0x9b, 0x9b, 0xbe, 0xc3, 0x9b, 0x76, 0x52, 0x2e,
      0x9, 0x4b, 0x6c, 0x89, 0x97, 0x9b, 0x9b, 0x8c, 0x8c, 0x9b, 0x9b, 0x8c, 0x6e, 0x4c, 0x29,  0x6, 0x3b, 0x57, 0x6c, 0x74, 0x76, 0x76, 0x6e, 0x6e, 0x76, 0x76, 0x6e, 0x58, 0x3c, 0x1c,
      0x0, 0x24, 0x3b, 0x4b, 0x51, 0x52, 0x52, 0x4c, 0x4c, 0x52, 0x52, 0x4c, 0x3c, 0x25,  0x9,  0x0,  0x0,  0x8, 0x24, 0x3b, 0x4b, 0x50, 0x52, 0x52, 0x52, 0x52, 0x51, 0x4b, 0x3b, 0x24,
      0x9,  0x0,  0x8, 0x24, 0x3b, 0x57, 0x6c, 0x74, 0x76, 0x76, 0x76, 0x76, 0x74, 0x6c, 0x57, 0x3b, 0x24,  0x9, 0x1b, 0x3b, 0x57, 0x6c, 0x89, 0x97, 0x9a, 0x9b, 0x9b, 0x9a, 0x97, 0x89,
     0x6d, 0x58, 0x3b, 0x1c, 0x28, 0x4b, 0x6c, 0x89, 0x97, 0xad, 0xb9, 0xc1, 0xc1, 0xb9, 0xae, 0x99, 0x8b, 0x6d, 0x4c, 0x29, 0x2c, 0x51, 0x74, 0x97, 0xae, 0xc7, 0xe4, 0xe4, 0xe4, 0xe4,
     0xcd, 0xb4, 0x99, 0x76, 0x51, 0x2d, 0x2d, 0x52, 0x76, 0x9a, 0xba, 0xe4, 0xe4, 0xc9, 0xcb, 0xe4, 0xe4, 0xb7, 0x9a, 0x76, 0x52, 0x2d, 0x2e, 0x52, 0x76, 0x9b, 0xc5, 0xe4, 0xc5, 0x9b,
     0x9b, 0xae, 0xb0, 0x9a, 0x8b, 0x6d, 0x4c, 0x29, 0x2e, 0x52, 0x76, 0x9b, 0xc6, 0xe4, 0xc9, 0x9b, 0x9b, 0x9b, 0x99, 0x8a, 0x6d, 0x58, 0x3c, 0x1c, 0x2d, 0x52, 0x76, 0x9a, 0xb6, 0xe4,
     0xe5, 0xcd, 0xc4, 0xbe, 0xb3, 0x99, 0x8a, 0x6d, 0x4b, 0x29, 0x29, 0x4c, 0x6d, 0x8b, 0x9a, 0xb5, 0xc9, 0xe4, 0xe4, 0xe4, 0xe4, 0xb3, 0x99, 0x75, 0x51, 0x2d, 0x3b, 0x57, 0x6c, 0x89,
     0x97, 0x9a, 0x9b, 0xaf, 0xb8, 0xc9, 0xe4, 0xc2, 0x9b, 0x76, 0x52, 0x2e, 0x4b, 0x6c, 0x89, 0x97, 0xae, 0xae, 0x9b, 0x9a, 0x9a, 0xb6, 0xe4, 0xc7, 0x9b, 0x76, 0x52, 0x2e, 0x51, 0x74,
     0x97, 0xae, 0xd0, 0xd0, 0xc3, 0xba, 0xb7, 0xd0, 0xe4, 0xbf, 0x9b, 0x76, 0x52, 0x2e, 0x51, 0x74, 0x97, 0xad, 0xcd, 0xe4, 0xe4, 0xe4, 0xe4, 0xe4, 0xe4, 0xb1, 0x98, 0x75, 0x51, 0x2d,
     0x4b, 0x6c, 0x89, 0x98, 0xb0, 0xbe, 0xc8, 0xd0, 0xcc, 0xc0, 0xb1, 0x98, 0x8a, 0x6c, 0x4b, 0x28, 0x3b, 0x57, 0x6c, 0x8a, 0x98, 0x9b, 0x9b, 0x9b, 0x9b, 0x9b, 0x98, 0x8a, 0x6d, 0x57,
     0x3b, 0x1c, 0x24, 0x3b, 0x57, 0x6c, 0x75, 0x76, 0x76, 0x76, 0x76, 0x76, 0x75, 0x6d, 0x57, 0x3b, 0x24,  0x9,  0x9, 0x24, 0x3b, 0x4b, 0x51, 0x52, 0x52, 0x52, 0x52, 0x52, 0x51, 0x4b,
     0x3b, 0x24,  0x9,  0x0,  0x9, 0x24, 0x3c, 0x4c, 0x52, 0x52, 0x52, 0x52, 0x52, 0x52, 0x52, 0x52, 0x52, 0x4c, 0x3c, 0x25,  0x9, 0x24, 0x3c, 0x58, 0x6d, 0x76, 0x76, 0x76, 0x76, 0x76,
     0x76, 0x76, 0x76, 0x76, 0x6e, 0x58, 0x3c, 0x1c, 0x3b, 0x57, 0x6d, 0x8b, 0x9a, 0x9b, 0x9b, 0x9b, 0x9b, 0x9b, 0x9b, 0x9b, 0x9b, 0x8c, 0x6e, 0x4c, 0x29, 0x4b, 0x6c, 0x89, 0x9a, 0xb6,
     0xc1, 0xc8, 0xcb, 0xcd, 0xcc, 0xca, 0xc6, 0xbb, 0x9b, 0x76, 0x52, 0x2d, 0x51, 0x74, 0x97, 0xad, 0xcd, 0xe4, 0xe4, 0xe6, 0xe6, 0xe6, 0xe4, 0xe4, 0xca, 0x9b, 0x76, 0x52, 0x2e, 0x4b,
     0x6c, 0x89, 0x97, 0xae, 0xb6, 0xbd, 0xcd, 0xe6, 0xe4, 0xc2, 0xb8, 0xae, 0x97, 0x74, 0x51, 0x2d, 0x3b, 0x57, 0x6c, 0x89, 0x97, 0x9a, 0x9b, 0xc5, 0xe4, 0xd0, 0x9b, 0x9a, 0x97, 0x89,
     0x6c, 0x4b, 0x28, 0x24, 0x3b, 0x57, 0x6c, 0x74, 0x76, 0x9b, 0xc6, 0xe4, 0xe4, 0x9b, 0x76, 0x74, 0x6c, 0x57, 0x3b, 0x1b,  0x8, 0x24, 0x3b, 0x4b, 0x52, 0x76, 0x9b, 0xc5, 0xe4, 0xe4,
     0x9b, 0x76, 0x52, 0x4b, 0x3b, 0x24,  0x8,  0x0,  0x8, 0x1b, 0x2e, 0x52, 0x76, 0x9b, 0xc5, 0xe4, 0xe4, 0x9b, 0x76, 0x52, 0x2e, 0x1b,  0x8,  0x0,  0x0,  0x0,  0x9, 0x2e, 0x52, 0x76,
     0x9b, 0xc2, 0xe4, 0xd0, 0x9b, 0x76, 0x52, 0x2e,  0x9,  0x0,  0x0,  0x0,  0x0,  0x9, 0x2e, 0x52, 0x76, 0x9b, 0xbf, 0xe4, 0xe4, 0x9b, 0x76, 0x52, 0x2e,  0x9,  0x0,  0x0,  0x0,  0x0,
      0x9, 0x2d, 0x52, 0x76, 0x9a, 0xba, 0xe4, 0xd0, 0x9b, 0x76, 0x52, 0x2e,  0x9,  0x0,  0x0,  0x0,  0x0,  0x9, 0x2d, 0x51, 0x75, 0x98, 0xb2, 0xe4, 0xc9, 0x9b, 0x76, 0x52, 0x2e,  0x9,
      0x0,  0x0,  0x0,  0x0,  0x5, 0x28, 0x4b, 0x6d, 0x8a, 0x9b, 0xbb, 0xb2, 0x98, 0x75, 0x51, 0x2d,  0x9,  0x0,  0x0,  0x0,  0x0,  0x0, 0x1c, 0x3b, 0x57, 0x6e, 0x8c, 0x9b, 0x98, 0x8a,
     0x6d, 0x4b, 0x28,  0x5,  0x0,  0x0,  0x0,  0x0,  0x0,  0x9, 0x24, 0x3c, 0x58, 0x6e, 0x76, 0x75, 0x6d, 0x57, 0x3b, 0x1c,  0x0,  0x0,  0x0,  0x0,  0x0,  0x0,  0x0,  0x9, 0x25, 0x3c,
     0x4c, 0x52, 0x51, 0x4b, 0x3b, 0x24,  0x9,  0x0,  0x0,  0x0,  0x9, 0x25, 0x3c, 0x4c, 0x52, 0x52, 0x4c, 0x3c, 0x4b, 0x51, 0x52, 0x51, 0x4b, 0x3b, 0x24,  0x9, 0x24, 0x3c, 0x58, 0x6e,
     0x76, 0x76, 0x6e, 0x58, 0x6d, 0x75, 0x76, 0x75, 0x6d, 0x57, 0x3b, 0x1c, 0x3b, 0x57, 0x6e, 0x8c, 0x9b, 0x9b, 0x8c, 0x6e, 0x8a, 0x99, 0x9b, 0x99, 0x8a, 0x6d, 0x4b, 0x28, 0x4b, 0x6c,
     0x89, 0x9b, 0xbd, 0xbd, 0x9b, 0x8a, 0x99, 0xb3, 0xc7, 0xb2, 0x99, 0x75, 0x51, 0x2d, 0x51, 0x74, 0x97, 0xae, 0xe4, 0xe4, 0xb1, 0x98, 0x9b, 0xc1, 0xe4, 0xc5, 0x9b, 0x76, 0x52, 0x2e,
     0x51, 0x75, 0x98, 0xaf, 0xe4, 0xe4, 0xb5, 0x99, 0x9b, 0xc3, 0xe4, 0xcc, 0x9b, 0x76, 0x52, 0x2e, 0x51, 0x74, 0x97, 0xae, 0xe4, 0xe4, 0xb7, 0x9a, 0x9b, 0xc3, 0xe4, 0xce, 0x9b, 0x76,
     0x52, 0x2e, 0x4b, 0x6c, 0x89, 0x9b, 0xe4, 0xe4, 0xba, 0x9a, 0x9b, 0xc3, 0xe4, 0xd0, 0x9b, 0x76, 0x52, 0x2e, 0x3b, 0x57, 0x76, 0x9b, 0xcd, 0xe4, 0xbb, 0x9b, 0x9b, 0xc4, 0xe4, 0xce,
     0x9b, 0x76, 0x52, 0x2e, 0x2e, 0x52, 0x76, 0x9b, 0xc9, 0xe4, 0xbe, 0x9b, 0x9b, 0xc7, 0xe4, 0xcd, 0x9b, 0x76, 0x52, 0x2e, 0x2e, 0x52, 0x76, 0x9b, 0xc2, 0xe4, 0xc1, 0x9b, 0x9b, 0xcc,
     0xe5, 0xca, 0x9b, 0x76, 0x52, 0x2e, 0x2d, 0x52, 0x76, 0x9a, 0xb8, 0xe4, 0xcc, 0x9b, 0xb1, 0xe4, 0xe4, 0xc2, 0x9b, 0x76, 0x52, 0x2e, 0x2d, 0x51, 0x74, 0x97, 0xae, 0xe4, 0xe4, 0xc4,
     0xc9, 0xe5, 0xe4, 0xb5, 0x99, 0x76, 0x51, 0x2d, 0x28, 0x4b, 0x6c, 0x89, 0x9a, 0xb8, 0xe4, 0xe4, 0xe5, 0xe4, 0xc7, 0xad, 0x97, 0x74, 0x50, 0x2c, 0x1b, 0x3b, 0x57, 0x6e, 0x8b, 0x9a,
     0xb3, 0xc3, 0xca, 0xc3, 0xae, 0x97, 0x89, 0x6c, 0x4b, 0x28,  0x8, 0x24, 0x3c, 0x58, 0x6e, 0x8a, 0x99, 0x9b, 0x9b, 0x9b, 0x97, 0x89, 0x6c, 0x57, 0x3b, 0x1b,  0x0,  0x9, 0x25, 0x3c,
     0x57, 0x6d, 0x75, 0x76, 0x76, 0x76, 0x74, 0x6c, 0x57, 0x3b, 0x24,  0x8,  0x0,  0x0,  0x9, 0x24, 0x3b, 0x4b, 0x51, 0x52, 0x52, 0x52, 0x51, 0x4b, 0x3b, 0x24,  0x8,  0x0,  0x9, 0x25,
     0x3c, 0x4c, 0x52, 0x51, 0x4b, 0x3b, 0x4b, 0x51, 0x52, 0x4c, 0x3c, 0x25,  0x9, 0x24, 0x3c, 0x58, 0x6e, 0x76, 0x75, 0x6d, 0x58, 0x6d, 0x75, 0x76, 0x6e, 0x58, 0x3c, 0x24, 0x3b, 0x57,
     0x6e, 0x8c, 0x9b, 0x99, 0x8a, 0x6d, 0x8a, 0x98, 0x9b, 0x8c, 0x6e, 0x57, 0x3b, 0x4b, 0x6c, 0x89, 0x9b, 0xc2, 0xb4, 0x99, 0x75, 0x98, 0xb2, 0xbf, 0x9b, 0x89, 0x6c, 0x4b, 0x51, 0x74,
     0x97, 0xae, 0xe4, 0xca, 0x9b, 0x8b, 0x9b, 0xc6, 0xe4, 0xae, 0x97, 0x74, 0x51, 0x4b, 0x6c, 0x89, 0x9b, 0xd0, 0xe4, 0xb4, 0x99, 0xaf, 0xe4, 0xe4, 0x9b, 0x89, 0x6c, 0x4b, 0x3b, 0x57,
     0x76, 0x9b, 0xc5, 0xe4, 0xbf, 0x9b, 0xb7, 0xe4, 0xcb, 0x9b, 0x76, 0x57, 0x3b, 0x2d, 0x52, 0x76, 0x9b, 0xbb, 0xe4, 0xc9, 0x9b, 0xbf, 0xe4, 0xc6, 0x9b, 0x76, 0x52, 0x2e, 0x2d, 0x51,
     0x75, 0x98, 0xb1, 0xe4, 0xe4, 0xb0, 0xc6, 0xe4, 0xc0, 0x9b, 0x76, 0x52, 0x2e, 0x28, 0x4b, 0x6c, 0x8a, 0x9b, 0xca, 0xe4, 0xb9, 0xd0, 0xe4, 0xb7, 0x9a, 0x76, 0x52, 0x2d, 0x1c, 0x3b,
     0x57, 0x76, 0x9b, 0xbe, 0xe4, 0xc8, 0xe5, 0xe4, 0xae, 0x97, 0x74, 0x51, 0x2d,  0x9, 0x2d, 0x51, 0x76, 0x99, 0xb4, 0xe4, 0xe5, 0xe5, 0xc7, 0x9b, 0x89, 0x6c, 0x4b, 0x28,  0x8, 0x2c,
     0x51, 0x74, 0x97, 0xad, 0xce, 0xe7, 0xe4, 0xbb, 0x9b, 0x76, 0x57, 0x3b, 0x1b,  0x5, 0x28, 0x4b, 0x6c, 0x89, 0x9b, 0xc3, 0xe4, 0xce, 0xae, 0x97, 0x74, 0x51, 0x2d,  0x8,  0x0, 0x1b,
     0x3b, 0x57, 0x75, 0x98, 0xb1, 0xcb, 0xb9, 0x9a, 0x89, 0x6c, 0x4b, 0x28,  0x5,  0x0,  0x8, 0x28, 0x4b, 0x6d, 0x8a, 0x98, 0x9b, 0x9a, 0x8b, 0x6e, 0x57, 0x3b, 0x1b,  0x0,  0x0,  0x0,
     0x1c, 0x3b, 0x57, 0x6d, 0x75, 0x76, 0x76, 0x6e, 0x58, 0x3c, 0x24,  0x8,  0x0,  0x0,  0x0,  0x9, 0x24, 0x3b, 0x4b, 0x51, 0x52, 0x52, 0x4c, 0x3c, 0x25,  0x9,  0x0,  0x0,  0x9, 0x25,
     0x3c, 0x4c, 0x52, 0x51, 0x4b, 0x3b, 0x24,  0x9, 0x25, 0x3c, 0x4c, 0x52, 0x52, 0x4c, 0x3c, 0x25,  0x9, 0x24, 0x3c, 0x58, 0x6e, 0x76, 0x75, 0x6d, 0x57, 0x3b, 0x24, 0x3c, 0x58, 0x6e,
     0x76, 0x76, 0x6e, 0x58, 0x3c, 0x1c, 0x3b, 0x57, 0x6e, 0x8c, 0x9b, 0x99, 0x8a, 0x6d, 0x4b, 0x3b, 0x57, 0x6e, 0x8b, 0x9a, 0x9a, 0x8b, 0x6e, 0x4c, 0x29, 0x4b, 0x6c, 0x89, 0x9b, 0xc1,
     0xb3, 0x99, 0x75, 0x58, 0x4b, 0x6c, 0x8a, 0x9a, 0xb9, 0xba, 0x9a, 0x76, 0x52, 0x2d, 0x51, 0x75, 0x97, 0xaf, 0xe4, 0xca, 0x9b, 0x8b, 0x6d, 0x51, 0x75, 0x98, 0xb0, 0xe4, 0xc7, 0x9b,
     0x76, 0x52, 0x2e, 0x4b, 0x6c, 0x89, 0x9b, 0xd0, 0xe4, 0xb5, 0x99, 0x76, 0x57, 0x76, 0x9a, 0xba, 0xe4, 0xc5, 0x9b, 0x76, 0x52, 0x2e, 0x3b, 0x57, 0x76, 0x9b, 0xc5, 0xe4, 0xc1, 0x9b,
     0x89, 0x75, 0x76, 0x9b, 0xc3, 0xe4, 0xc1, 0x9b, 0x76, 0x52, 0x2e, 0x2d, 0x52, 0x76, 0x9b, 0xbb, 0xe4, 0xce, 0xae, 0x97, 0x99, 0x8a, 0x9b, 0xcb, 0xe4, 0xba, 0x9b, 0x76, 0x52, 0x2d,
     0x2d, 0x51, 0x75, 0x98, 0xb1, 0xe4, 0xe4, 0xb5, 0x9a, 0xb3, 0x9a, 0xaf, 0xe4, 0xe4, 0xb3, 0x99, 0x75, 0x51, 0x2d, 0x28, 0x4b, 0x6d, 0x8a, 0x9b, 0xca, 0xe4, 0xbe, 0xb8, 0xe4, 0xba,
     0xb6, 0xe4, 0xe4, 0xae, 0x97, 0x74, 0x51, 0x2c, 0x1c, 0x3b, 0x57, 0x76, 0x9b, 0xbf, 0xe4, 0xc7, 0xc9, 0xe5, 0xce, 0xbf, 0xe4, 0xc8, 0x9b, 0x89, 0x6c, 0x4b, 0x28,  0x9, 0x2d, 0x51,
     0x76, 0x99, 0xb5, 0xe4, 0xe5, 0xe5, 0xf4, 0xe7, 0xe4, 0xe4, 0xbd, 0x9b, 0x76, 0x57, 0x3b, 0x1b,  0x8, 0x2c, 0x51, 0x74, 0x97, 0xae, 0xd0, 0xe7, 0xe7, 0xe4, 0xe7, 0xf3, 0xe4, 0xb1,
     0x98, 0x75, 0x51, 0x2d,  0x9,  0x5, 0x28, 0x4b, 0x6c, 0x89, 0x9b, 0xc4, 0xe4, 0xd0, 0xb4, 0xd0, 0xe4, 0xc4, 0x9b, 0x8a, 0x6d, 0x4b, 0x28,  0x5,  0x0, 0x1b, 0x3b, 0x57, 0x75, 0x98,
     0xb2, 0xce, 0xba, 0x9a, 0xb8, 0xcc, 0xb0, 0x98, 0x75, 0x57, 0x3b, 0x1c,  0x0,  0x0,  0x8, 0x28, 0x4b, 0x6d, 0x8a, 0x98, 0xae, 0x9a, 0x8b, 0x9a, 0x9b, 0x98, 0x8a, 0x6c, 0x4b, 0x28,
      0x9,  0x0,  0x0,  0x0, 0x1c, 0x3b, 0x57, 0x6d, 0x89, 0x97, 0x89, 0x6e, 0x76, 0x76, 0x75, 0x6c, 0x57, 0x3b, 0x1c,  0x0,  0x0,  0x0,  0x0,  0x9, 0x24, 0x3b, 0x57, 0x6c, 0x74, 0x6c,
     0x57, 0x52, 0x52, 0x51, 0x4b, 0x3b, 0x24,  0x9,  0x0,  0x0,  0x0,  0x0,  0x0,  0x9, 0x24, 0x3b, 0x4b, 0x51, 0x4b, 0x3b, 0x2d, 0x2e, 0x2d, 0x28, 0x1c,  0x9,  0x0,  0x0,  0x0, 0x24,
     0x3b, 0x4b, 0x51, 0x52, 0x52, 0x4c, 0x3c, 0x4b, 0x51, 0x52, 0x51, 0x4b, 0x3b, 0x24,  0x8, 0x3b, 0x57, 0x6c, 0x74, 0x76, 0x76, 0x6d, 0x58, 0x6d, 0x75, 0x76, 0x74, 0x6c, 0x57, 0x3b,
     0x1b, 0x4b, 0x6c, 0x89, 0x97, 0x9b, 0x9a, 0x8b, 0x6d, 0x8a, 0x98, 0x9b, 0x97, 0x89, 0x6c, 0x4b, 0x28, 0x51, 0x74, 0x97, 0xad, 0xc9, 0xb8, 0x9a, 0x89, 0x98, 0xb1, 0xbe, 0xad, 0x97,
     0x74, 0x51, 0x2c, 0x51, 0x74, 0x97, 0xae, 0xe4, 0xd0, 0xb0, 0x98, 0xae, 0xcc, 0xe4, 0xae, 0x97, 0x74, 0x51, 0x2d, 0x4b, 0x6c, 0x89, 0x9b, 0xc6, 0xe4, 0xbc, 0x9b, 0xc0, 0xe4, 0xc3,
     0x9b, 0x89, 0x6c, 0x4b, 0x28, 0x3b, 0x57, 0x76, 0x9a, 0xb8, 0xe4, 0xcc, 0xb1, 0xe4, 0xe4, 0xb2, 0x98, 0x75, 0x57, 0x3b, 0x1b, 0x2d, 0x51, 0x74, 0x97, 0xae, 0xd0, 0xe6, 0xcc, 0xe4,
     0xc0, 0x9b, 0x8a, 0x6d, 0x4b, 0x28,  0x8, 0x28, 0x4b, 0x6c, 0x89, 0x9b, 0xbf, 0xe4, 0xe6, 0xd0, 0xaf, 0x97, 0x75, 0x57, 0x3b, 0x1c,  0x0, 0x1c, 0x3b, 0x57, 0x76, 0x9a, 0xb9, 0xe4,
     0xe5, 0xe4, 0xb7, 0x9a, 0x8a, 0x6c, 0x4b, 0x28,  0x9, 0x28, 0x4b, 0x6c, 0x89, 0x9b, 0xc5, 0xe4, 0xca, 0xe5, 0xd0, 0xb0, 0x98, 0x75, 0x58, 0x3b, 0x1c, 0x2d, 0x51, 0x75, 0x97, 0xaf,
     0xe4, 0xd0, 0xae, 0xc9, 0xe4, 0xc4, 0x9b, 0x8a, 0x6d, 0x4b, 0x29, 0x2d, 0x52, 0x76, 0x9a, 0xba, 0xe4, 0xbe, 0x9b, 0xb2, 0xe4, 0xe4, 0xb3, 0x99, 0x75, 0x51, 0x2d, 0x2e, 0x52, 0x76,
     0x9b, 0xc4, 0xe4, 0xb0, 0x98, 0x9b, 0xbe, 0xe4, 0xbe, 0x9b, 0x76, 0x52, 0x2e, 0x2e, 0x52, 0x76, 0x9b, 0xc4, 0xc0, 0x9b, 0x8a, 0x97, 0xad, 0xbf, 0xb7, 0x9a, 0x76, 0x52, 0x2d, 0x2d,
     0x51, 0x75, 0x97, 0xaf, 0xad, 0x97, 0x74, 0x89, 0x97, 0x9b, 0x9a, 0x8b, 0x6d, 0x4c, 0x29, 0x28, 0x4b, 0x6c, 0x89, 0x97, 0x97, 0x89, 0x6c, 0x6c, 0x74, 0x76, 0x76, 0x6d, 0x58, 0x3c,
     0x1c, 0x1c, 0x3b, 0x57, 0x6c, 0x75, 0x74, 0x6c, 0x57, 0x4b, 0x51, 0x52, 0x52, 0x4c, 0x3c, 0x24,  0x9,  0x8, 0x24, 0x3b, 0x4b, 0x51, 0x51, 0x4b, 0x3b, 0x28, 0x2c, 0x2e, 0x2d, 0x29,
     0x1c,  0x9,  0x0, 0x24, 0x3b, 0x4b, 0x51, 0x52, 0x52, 0x50, 0x4c, 0x52, 0x52, 0x51, 0x4b, 0x3b, 0x24,  0x8, 0x3b, 0x57, 0x6c, 0x74, 0x76, 0x76, 0x74, 0x6e, 0x76, 0x76, 0x75, 0x6c,
     0x57, 0x3b, 0x1c, 0x4b, 0x6c, 0x89, 0x97, 0x9b, 0x9b, 0x97, 0x8b, 0x9a, 0x9b, 0x98, 0x8a, 0x6c, 0x4b, 0x28, 0x51, 0x74, 0x97, 0xad, 0xce, 0xc5, 0xad, 0x9a, 0xba, 0xe4, 0xb0, 0x98,
     0x75, 0x51, 0x2d, 0x51, 0x74, 0x97, 0xad, 0xcd, 0xe4, 0xbc, 0x9b, 0xca, 0xe4, 0xb1, 0x98, 0x75, 0x51, 0x2d, 0x4b, 0x6c, 0x89, 0x9b, 0xbc, 0xe4, 0xd0, 0xb5, 0xe4, 0xe4, 0xae, 0x97,
     0x74, 0x51, 0x2d, 0x3b, 0x57, 0x74, 0x97, 0xae, 0xd0, 0xe7, 0xd0, 0xe5, 0xc9, 0x9b, 0x89, 0x6c, 0x4b, 0x28, 0x28, 0x4b, 0x6c, 0x89, 0x9b, 0xbd, 0xe4, 0xe7, 0xe4, 0xc0, 0x9b, 0x76,
     0x57, 0x3b, 0x1b, 0x1b, 0x3b, 0x57, 0x75, 0x97, 0xaf, 0xd0, 0xe7, 0xe4, 0xb7, 0x9a, 0x76, 0x52, 0x2d,  0x9,  0x8, 0x28, 0x4b, 0x6c, 0x89, 0x9b, 0xbe, 0xe4, 0xe4, 0xb0, 0x98, 0x75,
     0x51, 0x2d,  0x8,  0x0, 0x1b, 0x3b, 0x57, 0x76, 0x9a, 0xb6, 0xe4, 0xcc, 0x9b, 0x89, 0x6c, 0x4b, 0x28,  0x5,  0x0,  0x9, 0x2e, 0x52, 0x76, 0x9b, 0xbf, 0xe4, 0xc3, 0x9b, 0x76, 0x57,
     0x3b, 0x1c,  0x0,  0x0,  0x9, 0x2e, 0x52, 0x76, 0x9b, 0xc8, 0xe4, 0xb9, 0x9a, 0x76, 0x52, 0x2d,  0x9,  0x0,  0x0,  0x9, 0x2e, 0x52, 0x76, 0x9b, 0xd0, 0xe4, 0xae, 0x97, 0x74, 0x51,
     0x2d,  0x8,  0x0,  0x0,  0x9, 0x2e, 0x52, 0x76, 0x9b, 0xd0, 0xc0, 0x9b, 0x89, 0x6c, 0x4b, 0x28,  0x5,  0x0,  0x0,  0x9, 0x2d, 0x52, 0x76, 0x9a, 0xb9, 0xaf, 0x97, 0x75, 0x57, 0x3b,
     0x1b,  0x0,  0x0,  0x0,  0x5, 0x29, 0x4c, 0x6e, 0x8b, 0x9a, 0x97, 0x89, 0x6c, 0x4b, 0x28,  0x8,  0x0,  0x0,  0x0,  0x0, 0x1c, 0x3c, 0x58, 0x6e, 0x76, 0x75, 0x6c, 0x57, 0x3b, 0x1c,
      0x0,  0x0,  0x0,  0x0,  0x0,  0x9, 0x25, 0x3c, 0x4c, 0x52, 0x51, 0x4b, 0x3b, 0x24,  0x8,  0x0,  0x0,  0x0,  0x9, 0x25, 0x3c, 0x4c, 0x52, 0x52, 0x52, 0x52, 0x52, 0x52, 0x51, 0x4b,
     0x3b, 0x24,  0x9,  0x0, 0x24, 0x3c, 0x58, 0x6e, 0x76, 0x76, 0x76, 0x76, 0x76, 0x76, 0x75, 0x6d, 0x57, 0x3b, 0x1c,  0x0, 0x3b, 0x57, 0x6e, 0x8c, 0x9b, 0x9b, 0x9b, 0x9b, 0x9b, 0x9b,
     0x98, 0x8a, 0x6d, 0x4b, 0x28,  0x5, 0x4b, 0x6c, 0x89, 0x9b, 0xbc, 0xca, 0xe5, 0xff, 0xe7, 0xd0, 0xb2, 0x98, 0x75, 0x51, 0x2d,  0x9, 0x51, 0x74, 0x97, 0xad, 0xe4, 0xe4, 0xe4, 0xe4,
     0xe7, 0xe4, 0xbe, 0x9b, 0x76, 0x52, 0x2e,  0x9, 0x4b, 0x6c, 0x89, 0x99, 0xb2, 0xb6, 0xb2, 0xaf, 0xd0, 0xe4, 0xb8, 0x9a, 0x76, 0x52, 0x2d,  0x9, 0x3b, 0x57, 0x6d, 0x8a, 0x99, 0x9a,
     0x9a, 0xb8, 0xe4, 0xe4, 0xaf, 0x97, 0x75, 0x51, 0x2d,  0x8, 0x24, 0x3b, 0x57, 0x6d, 0x75, 0x8a, 0x9b, 0xc6, 0xe4, 0xc5, 0x9b, 0x89, 0x6c, 0x4b, 0x28,  0x5,  0x9, 0x24, 0x3b, 0x57,
     0x75, 0x98, 0xb1, 0xe4, 0xe4, 0xba, 0x9a, 0x76, 0x57, 0x3b, 0x1c,  0x0,  0x5, 0x28, 0x4b, 0x6c, 0x89, 0x9b, 0xbe, 0xe4, 0xe4, 0xaf, 0x97, 0x75, 0x51, 0x2d,  0x9,  0x0,  0x9, 0x2c,
     0x51, 0x74, 0x97, 0xad, 0xcd, 0xe4, 0xc2, 0x9b, 0x89, 0x6c, 0x57, 0x3c, 0x25,  0x9, 0x1c, 0x3b, 0x57, 0x76, 0x9a, 0xb7, 0xe4, 0xe4, 0xb3, 0x99, 0x97, 0x89, 0x6e, 0x58, 0x3c, 0x1c,
     0x28, 0x4b, 0x6d, 0x8a, 0x9b, 0xc6, 0xe4, 0xcd, 0xb1, 0xaf, 0xad, 0x9a, 0x8b, 0x6e, 0x4c, 0x29, 0x2d, 0x51, 0x75, 0x98, 0xb2, 0xe4, 0xf3, 0xe6, 0xe4, 0xe4, 0xe4, 0xba, 0x9a, 0x76,
     0x52, 0x2d, 0x2d, 0x52, 0x76, 0x9a, 0xb7, 0xe4, 0xe4, 0xe4, 0xe4, 0xd0, 0xc8, 0xb3, 0x99, 0x75, 0x51, 0x2d, 0x2c, 0x50, 0x74, 0x97, 0xad, 0xb4, 0xb4, 0xb1, 0xae, 0x9b, 0x9b, 0x99,
     0x8a, 0x6d, 0x4b, 0x29, 0x28, 0x4b, 0x6c, 0x89, 0x97, 0x99, 0x99, 0x98, 0x97, 0x89, 0x76, 0x75, 0x6d, 0x58, 0x3b, 0x1c, 0x1b, 0x3b, 0x57, 0x6c, 0x74, 0x76, 0x75, 0x75, 0x74, 0x6c,
     0x57, 0x51, 0x4b, 0x3b, 0x24,  0x9,  0x8, 0x24, 0x3b, 0x4b, 0x50, 0x51, 0x51, 0x51, 0x51, 0x4b, 0x3b, 0x2d, 0x29, 0x1c,  0x9,  0x0,  0x8, 0x1b, 0x28, 0x3b, 0x4b, 0x51, 0x52, 0x52,
     0x52, 0x51, 0x4c, 0x3b, 0x24,  0x9,  0x0,  0x0, 0x24, 0x3b, 0x4b, 0x57, 0x6d, 0x75, 0x76, 0x76, 0x76, 0x76, 0x6d, 0x58, 0x3c, 0x25,  0x9,  0x0, 0x3b, 0x57, 0x6c, 0x74, 0x8a, 0x98,
     0x9a, 0x9a, 0x9a, 0x99, 0x8b, 0x6d, 0x58, 0x3c, 0x1c,  0x0, 0x4b, 0x6c, 0x89, 0x97, 0x9b, 0xb1, 0xb7, 0xb9, 0xb8, 0xb5, 0x9a, 0x8b, 0x6d, 0x4c, 0x29,  0x5, 0x50, 0x74, 0x97, 0xad,
     0xc6, 0xe4, 0xe4, 0xe4, 0xe4, 0xe4, 0xb7, 0x9a, 0x76, 0x52, 0x2d,  0x9, 0x51, 0x74, 0x97, 0xad, 0xcc, 0xe4, 0xcd, 0xc9, 0xe5, 0xe4, 0xbe, 0x9b, 0x76, 0x52, 0x2e,  0x9, 0x4b, 0x6c,
     0x89, 0x97, 0x9b, 0x9b, 0x9b, 0xaf, 0xe4, 0xe4, 0xb5, 0x99, 0x76, 0x51, 0x2d,  0x9, 0x3b, 0x57, 0x6c, 0x74, 0x76, 0x76, 0x9b, 0xbb, 0xe4, 0xd0, 0xad, 0x97, 0x74, 0x51, 0x2c,  0x8,
     0x24, 0x3b, 0x4b, 0x51, 0x6d, 0x8a, 0x9b, 0xc9, 0xe4, 0xc4, 0x9b, 0x89, 0x6c, 0x4b, 0x28,  0x5,  0x8, 0x1b, 0x3b, 0x57, 0x75, 0x99, 0xb3, 0xe4, 0xe4, 0xb7, 0x9a, 0x76, 0x57, 0x3b,
     0x1b,  0x0,  0x5, 0x28, 0x4b, 0x6c, 0x89, 0x9b, 0xc1, 0xe4, 0xcd, 0xae, 0x97, 0x74, 0x51, 0x3b, 0x24,  0x8,  0x9, 0x2d, 0x51, 0x74, 0x97, 0xae, 0xd0, 0xe4, 0xbe, 0x9b, 0x89, 0x74,
     0x6c, 0x57, 0x3b, 0x1b, 0x1c, 0x3b, 0x58, 0x76, 0x9a, 0xba, 0xe4, 0xe4, 0xb1, 0x9a, 0x9a, 0x97, 0x89, 0x6c, 0x4b, 0x28, 0x29, 0x4c, 0x6d, 0x8b, 0x9b, 0xca, 0xe5, 0xcd, 0xbb, 0xb9,
     0xb6, 0xae, 0x97, 0x74, 0x51, 0x2d, 0x2d, 0x51, 0x76, 0x99, 0xb4, 0xe4, 0xf4, 0xe6, 0xe4, 0xe4, 0xe4, 0xbc, 0x9b, 0x76, 0x52, 0x2e, 0x2d, 0x51, 0x76, 0x99, 0xb4, 0xce, 0xe4, 0xcc,
     0xc8, 0xc4, 0xbf, 0xaf, 0x97, 0x75, 0x51, 0x2d, 0x29, 0x4c, 0x6d, 0x8b, 0x99, 0xad, 0x9b, 0x9b, 0x9b, 0x9b, 0x9b, 0x97, 0x89, 0x6c, 0x4b, 0x28, 0x1c, 0x3b, 0x58, 0x6d, 0x89, 0x97,
     0x89, 0x76, 0x76, 0x76, 0x76, 0x75, 0x6c, 0x57, 0x3b, 0x1c,  0x9, 0x24, 0x3b, 0x57, 0x6c, 0x74, 0x6c, 0x57, 0x52, 0x52, 0x52, 0x51, 0x4b, 0x3b, 0x24,  0x8,  0x0,  0x9, 0x24, 0x3b,
     0x4b, 0x50, 0x4b, 0x3b, 0x2e, 0x2e, 0x2e, 0x2d, 0x28, 0x1c,  0x8,  0x0,  0x0,  0x8, 0x24, 0x3b, 0x4b, 0x51, 0x52, 0x52, 0x4c, 0x3c, 0x25,  0x9,  0x0,  0x0,  0x0,  0x0, 0x1b, 0x3b,
     0x57, 0x6c, 0x74, 0x76, 0x76, 0x6e, 0x58, 0x3c, 0x25,  0x9,  0x0,  0x0,  0x5, 0x28, 0x4b, 0x6c, 0x89, 0x97, 0x9b, 0x9b, 0x8c, 0x6e, 0x58, 0x3c, 0x1c,  0x0,  0x0,  0x8, 0x2d, 0x51,
     0x74, 0x97, 0xae, 0xc0, 0xbb, 0x9b, 0x8b, 0x6e, 0x4c, 0x29,  0x9,  0x0,  0x9, 0x2e, 0x52, 0x76, 0x9b, 0xbd, 0xe4, 0xe4, 0xb9, 0x9a, 0x76, 0x58, 0x3b, 0x1c,  0x0, 0x1c, 0x3b, 0x57,
     0x76, 0x9b, 0xc7, 0xe5, 0xe5, 0xcb, 0x9b, 0x8a, 0x6d, 0x4b, 0x29,  0x5, 0x28, 0x4b, 0x6c, 0x89, 0x9b, 0xce, 0xe5, 0xcb, 0xe4, 0xb3, 0x99, 0x75, 0x51, 0x2d,  0x9, 0x2d, 0x51, 0x75,
     0x97, 0xaf, 0xe4, 0xca, 0xb9, 0xe4, 0xbc, 0x9b, 0x76, 0x57, 0x3b, 0x1b, 0x2d, 0x51, 0x76, 0x99, 0xb5, 0xe4, 0xc0, 0xb0, 0xe4, 0xc6, 0x9b, 0x89, 0x6c, 0x4b, 0x28, 0x2d, 0x52, 0x76,
     0x9a, 0xba, 0xe4, 0xc5, 0xc1, 0xe4, 0xd0, 0xad, 0x97, 0x74, 0x51, 0x2c, 0x2e, 0x52, 0x76, 0x9b, 0xc0, 0xe4, 0xe4, 0xe4, 0xf3, 0xe4, 0xb0, 0x98, 0x75, 0x51, 0x2d, 0x3b, 0x57, 0x76,
     0x9b, 0xc7, 0xe4, 0xe4, 0xe4, 0xe7, 0xe4, 0xb4, 0x99, 0x76, 0x51, 0x2d, 0x4b, 0x6c, 0x89, 0x9b, 0xcd, 0xe4, 0xbe, 0xb3, 0xd0, 0xe4, 0xb8, 0x9a, 0x76, 0x52, 0x2d, 0x51, 0x74, 0x97,
     0xae, 0xe4, 0xce, 0xae, 0x9b, 0xcc, 0xe4, 0xb8, 0x9a, 0x76, 0x52, 0x2d, 0x51, 0x74, 0x97, 0xae, 0xe4, 0xbd, 0x9b, 0x9b, 0xc7, 0xcd, 0xb0, 0x98, 0x75, 0x51, 0x2d, 0x4b, 0x6c, 0x89,
     0x97, 0xae, 0x9b, 0x8c, 0x97, 0xaf, 0xb0, 0x98, 0x89, 0x6c, 0x4b, 0x28, 0x3b, 0x57, 0x6c, 0x89, 0x97, 0x89, 0x6e, 0x89, 0x97, 0x98, 0x89, 0x6c, 0x57, 0x3b, 0x1c, 0x24, 0x3b, 0x57,
     0x6c, 0x74, 0x6c, 0x57, 0x6c, 0x75, 0x75, 0x6c, 0x57, 0x3b, 0x24,  0x8,  0x8, 0x24, 0x3b, 0x4b, 0x51, 0x4b, 0x3b, 0x4b, 0x51, 0x51, 0x4b, 0x3b, 0x24,  0x8,  0x0,  0x8, 0x24, 0x3b,
     0x4b, 0x51, 0x52, 0x52, 0x52, 0x52, 0x52, 0x51, 0x4b, 0x3b, 0x24,  0x9,  0x0, 0x24, 0x3b, 0x57, 0x6c, 0x74, 0x76, 0x76, 0x76, 0x76, 0x76, 0x75, 0x6d, 0x57, 0x3b, 0x1c,  0x0, 0x3b,
     0x57, 0x6c, 0x89, 0x97, 0x9a, 0x9b, 0x9b, 0x9b, 0x9b, 0x98, 0x8a, 0x6d, 0x4b, 0x28,  0x5, 0x4b, 0x6c, 0x89, 0x97, 0xae, 0xb9, 0xc3, 0xcb, 0xcd, 0xc6, 0xb1, 0x98, 0x75, 0x51, 0x2d,
      0x9, 0x51, 0x74, 0x97, 0xae, 0xcd, 0xe4, 0xe4, 0xe4, 0xe4, 0xe4, 0xc7, 0x9b, 0x76, 0x52, 0x2e,  0x9, 0x51, 0x75, 0x97, 0xaf, 0xe4, 0xe4, 0xba, 0xb7, 0xc4, 0xe4, 0xcd, 0x9b, 0x76,
     0x52, 0x2e,  0x9, 0x51, 0x74, 0x97, 0xad, 0xe4, 0xe4, 0xb1, 0x9b, 0xbc, 0xe4, 0xc5, 0x9b, 0x76, 0x52, 0x2e,  0x9, 0x4b, 0x6c, 0x89, 0x9b, 0xd0, 0xe4, 0xc0, 0xc3, 0xe4, 0xe4, 0xb3,
     0x99, 0x75, 0x57, 0x3b, 0x1c, 0x3b, 0x57, 0x76, 0x9b, 0xcb, 0xe6, 0xe4, 0xe4, 0xe4, 0xe4, 0xc1, 0x9b, 0x8a, 0x6d, 0x4b, 0x29, 0x2e, 0x52, 0x76, 0x9b, 0xc8, 0xe5, 0xcd, 0xc2, 0xc4,
     0xe4, 0xe4, 0xb3, 0x99, 0x75, 0x51, 0x2d, 0x2e, 0x52, 0x76, 0x9b, 0xc5, 0xe4, 0xb8, 0x9b, 0x9b, 0xc0, 0xe4, 0xba, 0x9a, 0x76, 0x52, 0x2d, 0x2e, 0x52, 0x76, 0x9b, 0xc3, 0xe4, 0xba,
     0x9b, 0xaf, 0xcd, 0xe4, 0xb8, 0x9a, 0x76, 0x52, 0x2d, 0x2e, 0x52, 0x76, 0x9b, 0xc1, 0xe4, 0xc8, 0xc7, 0xe4, 0xe4, 0xcd, 0xaf, 0x97, 0x75, 0x51, 0x2d, 0x2e, 0x52, 0x76, 0x9b, 0xbe,
     0xe4, 0xe4, 0xe4, 0xe4, 0xc4, 0xb1, 0x98, 0x89, 0x6c, 0x4b, 0x28, 0x2d, 0x51, 0x75, 0x98, 0xb0, 0xbb, 0xbb, 0xb5, 0xaf, 0x9b, 0x98, 0x8a, 0x6d, 0x57, 0x3b, 0x1c, 0x28, 0x4b, 0x6c,
     0x8a, 0x98, 0x9b, 0x9b, 0x99, 0x97, 0x89, 0x75, 0x6d, 0x57, 0x3b, 0x24,  0x8, 0x1c, 0x3b, 0x57, 0x6c, 0x75, 0x76, 0x76, 0x76, 0x75, 0x6c, 0x57, 0x4b, 0x3b, 0x24,  0x9,  0x0,  0x8,
     0x24, 0x3b, 0x4b, 0x51, 0x52, 0x52, 0x51, 0x51, 0x4b, 0x3b, 0x28, 0x1c,  0x9,  0x0,  0x0,  0x0,  0x8, 0x24, 0x3b, 0x4b, 0x51, 0x52, 0x52, 0x51, 0x4b, 0x3b, 0x24,  0x9,  0x0,  0x0,
      0x8, 0x24, 0x3b, 0x57, 0x6c, 0x75, 0x76, 0x76, 0x75, 0x6d, 0x57, 0x3b, 0x24,  0x8,  0x0, 0x1b, 0x3b, 0x57, 0x6c, 0x89, 0x97, 0x9b, 0x9b, 0x98, 0x8a, 0x6d, 0x57, 0x3b, 0x1b,  0x0,
     0x28, 0x4b, 0x6c, 0x89, 0x97, 0xaf, 0xbf, 0xc0, 0xb2, 0x98, 0x89, 0x6c, 0x4b, 0x28,  0x5, 0x2c, 0x50, 0x74, 0x97, 0xad, 0xc5, 0xe4, 0xe4, 0xce, 0xae, 0x97, 0x74, 0x51, 0x2d,  0x8,
     0x2e, 0x52, 0x76, 0x9b, 0xbd, 0xe4, 0xd0, 0xc5, 0xe4, 0xb4, 0x99, 0x75, 0x51, 0x2d,  0x9, 0x3b, 0x57, 0x76, 0x9b, 0xcb, 0xe4, 0xb8, 0x9b, 0xae, 0x99, 0x8a, 0x6d, 0x4b, 0x29,  0x5,
     0x4b, 0x6c, 0x89, 0x9b, 0xe4, 0xe4, 0xae, 0x97, 0x97, 0x89, 0x6d, 0x58, 0x3b, 0x1c,  0x0, 0x51, 0x75, 0x97, 0xaf, 0xe4, 0xd0, 0x9b, 0x8a, 0x74, 0x6c, 0x57, 0x4b, 0x3b, 0x24,  0x8,
     0x51, 0x74, 0x97, 0xad, 0xe4, 0xe4, 0xb2, 0x98, 0x75, 0x75, 0x74, 0x6c, 0x57, 0x3b, 0x1b, 0x4b, 0x6c, 0x89, 0x9b, 0xcd, 0xe4, 0xb9, 0x9a, 0x97, 0x98, 0x97, 0x89, 0x6c, 0x4b, 0x28,
     0x3b, 0x57, 0x76, 0x9b, 0xc6, 0xe4, 0xcc, 0xaf, 0xae, 0xb2, 0xad, 0x97, 0x74, 0x50, 0x2c, 0x2d, 0x51, 0x76, 0x99, 0xb5, 0xe4, 0xe6, 0xd0, 0xd0, 0xe4, 0xb4, 0x99, 0x76, 0x51, 0x2d,
     0x29, 0x4c, 0x6d, 0x8b, 0x9b, 0xc2, 0xe4, 0xe4, 0xe4, 0xca, 0xaf, 0x97, 0x75, 0x51, 0x2d, 0x1c, 0x3b, 0x58, 0x6e, 0x8c, 0x9b, 0xb3, 0xbe, 0xbc, 0xae, 0x97, 0x89, 0x6c, 0x4b, 0x28,
      0x9, 0x24, 0x3c, 0x58, 0x6e, 0x8a, 0x99, 0x9b, 0x9b, 0x97, 0x89, 0x6c, 0x57, 0x3b, 0x1c,  0x0,  0x9, 0x25, 0x3c, 0x57, 0x6d, 0x75, 0x76, 0x76, 0x74, 0x6c, 0x57, 0x3b, 0x24,  0x8,
      0x0,  0x0,  0x9, 0x24, 0x3b, 0x4b, 0x51, 0x52, 0x52, 0x51, 0x4b, 0x3b, 0x24,  0x8,  0x0,  0x8, 0x24, 0x3b, 0x4b, 0x51, 0x52, 0x52, 0x52, 0x52, 0x52, 0x4c, 0x3c, 0x24,  0x9,  0x0,
      0x0, 0x1c, 0x3b, 0x57, 0x6c, 0x75, 0x76, 0x76, 0x76, 0x76, 0x76, 0x6d, 0x58, 0x3c, 0x25,  0x9,  0x0, 0x28, 0x4b, 0x6c, 0x89, 0x98, 0x9b, 0x9b, 0x9b, 0x9b, 0x9a, 0x8b, 0x6e, 0x58,
     0x3c, 0x1c,  0x0, 0x2d, 0x51, 0x75, 0x98, 0xb0, 0xc0, 0xc8, 0xc8, 0xc0, 0xb6, 0x9a, 0x8b, 0x6e, 0x4c, 0x29,  0x9, 0x2e, 0x52, 0x76, 0x9b, 0xbe, 0xe4, 0xe4, 0xe4, 0xe4, 0xe4, 0xb8,
     0x9a, 0x76, 0x57, 0x3b, 0x1c, 0x2e, 0x52, 0x76, 0x9b, 0xc2, 0xe4, 0xc1, 0xb6, 0xc6, 0xe4, 0xd0, 0x9b, 0x8a, 0x6c, 0x4b, 0x28, 0x2e, 0x52, 0x76, 0x9b, 0xc4, 0xe4, 0xbc, 0x9b, 0xae,
     0xcd, 0xe4, 0xb1, 0x98, 0x75, 0x51, 0x2d, 0x2e, 0x52, 0x76, 0x9b, 0xc6, 0xe4, 0xba, 0x9b, 0x9b, 0xc3, 0xe4, 0xb6, 0x9a, 0x76, 0x52, 0x2d, 0x2e, 0x52, 0x76, 0x9b, 0xc8, 0xe4, 0xb9,
     0x9a, 0x9b, 0xbd, 0xe4, 0xb7, 0x9a, 0x76, 0x52, 0x2d, 0x2e, 0x52, 0x76, 0x9b, 0xca, 0xe4, 0xb7, 0x9a, 0x9b, 0xc4, 0xe4, 0xb1, 0x98, 0x75, 0x51, 0x2d, 0x3b, 0x57, 0x76, 0x9b, 0xcd,
     0xe4, 0xb5, 0x99, 0xb1, 0xd0, 0xd0, 0x9b, 0x8a, 0x6d, 0x4b, 0x28, 0x4b, 0x6c, 0x89, 0x9b, 0xd0, 0xe4, 0xb4, 0xb4, 0xcd, 0xe4, 0xc0, 0x9b, 0x76, 0x57, 0x3b, 0x1c, 0x50, 0x74, 0x97,
     0xad, 0xe4, 0xe6, 0xcd, 0xe4, 0xe6, 0xce, 0xaf, 0x97, 0x75, 0x51, 0x2d,  0x9, 0x51, 0x75, 0x97, 0xaf, 0xe4, 0xe4, 0xe4, 0xe4, 0xcd, 0xb4, 0x99, 0x89, 0x6c, 0x4b, 0x28,  0x5, 0x51,
     0x74, 0x97, 0xae, 0xbc, 0xbf, 0xc0, 0xb9, 0xaf, 0x99, 0x8b, 0x6d, 0x57, 0x3b, 0x1c,  0x0, 0x4b, 0x6c, 0x89, 0x97, 0x9b, 0x9b, 0x9b, 0x9a, 0x97, 0x89, 0x6d, 0x58, 0x3b, 0x24,  0x8,
      0x0, 0x3b, 0x57, 0x6c, 0x74, 0x76, 0x76, 0x76, 0x76, 0x75, 0x6c, 0x57, 0x3b, 0x24,  0x9,  0x0,  0x0, 0x24, 0x3b, 0x4b, 0x51, 0x52, 0x52, 0x52, 0x52, 0x51, 0x4b, 0x3b, 0x24,  0x9,
      0x0,  0x0,  0x0,  0x8, 0x24, 0x3b, 0x4b, 0x51, 0x52, 0x52, 0x52, 0x52, 0x52, 0x51, 0x4b, 0x3b, 0x24,  0x8, 0x24, 0x3b, 0x57, 0x6c, 0x75, 0x76, 0x76, 0x76, 0x76, 0x76, 0x75, 0x6c,
     0x57, 0x3b, 0x1c, 0x3b, 0x57, 0x6c, 0x89, 0x97, 0x9b, 0x9b, 0x9b, 0x9b, 0x9b, 0x97, 0x89, 0x6c, 0x4b, 0x28, 0x4b, 0x6c, 0x89, 0x97, 0xaf, 0xbb, 0xbf, 0xc1, 0xc0, 0xbc, 0xaf, 0x97,
     0x75, 0x51, 0x2d, 0x51, 0x74, 0x97, 0xad, 0xcc, 0xe4, 0xe4, 0xe4, 0xe4, 0xe4, 0xb6, 0x9a, 0x76, 0x52, 0x2d, 0x51, 0x75, 0x98, 0xb1, 0xe4, 0xe4, 0xbf, 0xba, 0xb8, 0xb3, 0x9a, 0x8b,
     0x6d, 0x4c, 0x29, 0x51, 0x75, 0x98, 0xb2, 0xe4, 0xe4, 0xb1, 0x9a, 0x9a, 0x99, 0x8a, 0x6d, 0x58, 0x3c, 0x1c, 0x51, 0x75, 0x98, 0xb1, 0xe4, 0xe4, 0xb7, 0xb3, 0xb3, 0xae, 0x97, 0x89,
     0x6c, 0x4b, 0x28, 0x51, 0x75, 0x98, 0xb0, 0xe4, 0xf3, 0xe4, 0xe4, 0xe4, 0xd0, 0xad, 0x97, 0x74, 0x51, 0x2c, 0x51, 0x75, 0x98, 0xb0, 0xe4, 0xe7, 0xd0, 0xca, 0xc5, 0xba, 0x9a, 0x89,
     0x6c, 0x4b, 0x28, 0x51, 0x75, 0x97, 0xaf, 0xe4, 0xe4, 0xb2, 0x9b, 0x9b, 0x9a, 0x8b, 0x6e, 0x58, 0x3b, 0x1c, 0x51, 0x74, 0x97, 0xae, 0xe4, 0xe4, 0xb1, 0x99, 0x9a, 0x9b, 0x99, 0x8b,
     0x6d, 0x4c, 0x29, 0x51, 0x74, 0x97, 0xae, 0xe4, 0xe4, 0xbb, 0xb5, 0xb7, 0xbb, 0xb4, 0x99, 0x76, 0x51, 0x2d, 0x4b, 0x6c, 0x89, 0x9b, 0xe4, 0xe5, 0xe4, 0xe4, 0xe4, 0xe4, 0xcd, 0x9b,
     0x76, 0x52, 0x2e, 0x3b, 0x57, 0x76, 0x9b, 0xc3, 0xca, 0xc9, 0xc6, 0xc1, 0xba, 0xb0, 0x98, 0x75, 0x51, 0x2d, 0x29, 0x4c, 0x6e, 0x8c, 0x9b, 0x9b, 0x9b, 0x9b, 0x9b, 0x9a, 0x98, 0x8a,
     0x6c, 0x4b, 0x28, 0x1c, 0x3c, 0x58, 0x6e, 0x76, 0x76, 0x76, 0x76, 0x76, 0x76, 0x75, 0x6c, 0x57, 0x3b, 0x1c,  0x9, 0x25, 0x3c, 0x4c, 0x52, 0x52, 0x52, 0x52, 0x52, 0x52, 0x51, 0x4b,
     0x3b, 0x24,  0x8,  0x9, 0x24, 0x3b, 0x4c, 0x51, 0x52, 0x52, 0x52, 0x52, 0x52, 0x52, 0x4c, 0x3c, 0x25,  0x9,  0x0, 0x24, 0x3b, 0x58, 0x6d, 0x76, 0x76, 0x76, 0x76, 0x76, 0x76, 0x76,
     0x6e, 0x58, 0x3c, 0x24,  0x8, 0x3b, 0x57, 0x6d, 0x8b, 0x99, 0x9b, 0x9b, 0x9b, 0x9b, 0x9b, 0x9a, 0x8b, 0x6e, 0x57, 0x3b, 0x1c, 0x4b, 0x6c, 0x89, 0x99, 0xb4, 0xbd, 0xc0, 0xc1, 0xc1,
     0xc0, 0xb9, 0x9a, 0x8a, 0x6c, 0x4b, 0x28, 0x51, 0x75, 0x97, 0xaf, 0xe4, 0xe4, 0xe4, 0xe4, 0xe4, 0xe4, 0xe4, 0xb0, 0x98, 0x75, 0x51, 0x2d, 0x51, 0x74, 0x97, 0xae, 0xe4, 0xe5, 0xc7,
     0xbb, 0xb9, 0xb7, 0xb1, 0x98, 0x8a, 0x6c, 0x4b, 0x28, 0x4b, 0x6c, 0x89, 0x9b, 0xcd, 0xe4, 0xb9, 0x9b, 0x9b, 0x9b, 0x9a, 0x8b, 0x6e, 0x57, 0x3b, 0x1c, 0x3b, 0x57, 0x76, 0x9b, 0xc8,
     0xe5, 0xc9, 0xc5, 0xc9, 0xc7, 0xb9, 0x9a, 0x76, 0x52, 0x2d,  0x9, 0x2e, 0x52, 0x76, 0x9b, 0xc3, 0xe4, 0xe5, 0xe4, 0xe4, 0xe4, 0xbd, 0x9b, 0x76, 0x52, 0x2e,  0x9, 0x2e, 0x52, 0x76,
     0x9b, 0xbe, 0xe4, 0xd0, 0xb8, 0xb3, 0xaf, 0x9b, 0x8c, 0x6e, 0x4c, 0x29,  0x5, 0x2d, 0x52, 0x76, 0x9a, 0xba, 0xe4, 0xe4, 0x9b, 0x99, 0x97, 0x89, 0x6e, 0x58, 0x3c, 0x1c,  0x0, 0x2d,
     0x52, 0x76, 0x9a, 0xb6, 0xe4, 0xe4, 0xae, 0x97, 0x75, 0x6c, 0x57, 0x3c, 0x25,  0x9,  0x0, 0x2d, 0x51, 0x75, 0x99, 0xb2, 0xe4, 0xe4, 0xb0, 0x98, 0x75, 0x51, 0x3b, 0x24,  0x9,  0x0,
      0x0, 0x2c, 0x51, 0x74, 0x97, 0xae, 0xe4, 0xe4, 0xaf, 0x97, 0x75, 0x51, 0x2d,  0x8,  0x0,  0x0,  0x0, 0x28, 0x4b, 0x6c, 0x89, 0x9b, 0xbc, 0xc9, 0x9b, 0x89, 0x6c, 0x4b, 0x28,  0x5,
      0x0,  0x0,  0x0, 0x1b, 0x3b, 0x57, 0x6e, 0x8c, 0x9b, 0x9b, 0x8c, 0x6e, 0x57, 0x3b, 0x1c,  0x0,  0x0,  0x0,  0x0,  0x8, 0x24, 0x3c, 0x58, 0x6e, 0x76, 0x76, 0x6e, 0x58, 0x3c, 0x24,
      0x8,  0x0,  0x0,  0x0,  0x0,  0x0,  0x9, 0x25, 0x3c, 0x4c, 0x52, 0x52, 0x4c, 0x3c, 0x25,  0x9,  0x0,  0x0,  0x0,  0x0,  0x0,  0x0,  0x0,  0x9, 0x24, 0x3c, 0x4c, 0x52, 0x52, 0x52,
     0x4c, 0x3c, 0x24,  0x9,  0x0,  0x0,  0x0,  0x9, 0x25, 0x3c, 0x58, 0x6d, 0x76, 0x76, 0x76, 0x6d, 0x58, 0x3c, 0x24,  0x9,  0x0,  0x9, 0x24, 0x3c, 0x58, 0x6e, 0x8b, 0x9a, 0x9b, 0x99,
     0x8b, 0x6d, 0x58, 0x3c, 0x1c,  0x0, 0x1c, 0x3b, 0x57, 0x6e, 0x8c, 0x9b, 0xb5, 0xbd, 0xb5, 0x9a, 0x8b, 0x6d, 0x4c, 0x29,  0x5, 0x28, 0x4b, 0x6d, 0x8a, 0x9b, 0xbb, 0xe4, 0xe4, 0xe4,
     0xb7, 0x9a, 0x76, 0x52, 0x2d,  0x9, 0x2d, 0x51, 0x75, 0x99, 0xb2, 0xe4, 0xe4, 0xcd, 0xe4, 0xc5, 0x9b, 0x76, 0x52, 0x2e,  0x9, 0x3b, 0x57, 0x76, 0x9b, 0xbe, 0xe4, 0xc5, 0xad, 0xb3,
     0xb4, 0x99, 0x75, 0x51, 0x3b, 0x24, 0x4b, 0x6c, 0x89, 0x9b, 0xcb, 0xe4, 0xb4, 0x99, 0x99, 0x99, 0x8a, 0x74, 0x6c, 0x57, 0x3b, 0x51, 0x74, 0x97, 0xad, 0xe4, 0xe4, 0xad, 0x9b, 0x9b,
     0x9b, 0x9b, 0x97, 0x89, 0x6c, 0x4b, 0x51, 0x75, 0x97, 0xaf, 0xe4, 0xe4, 0xb5, 0xc3, 0xc5, 0xc6, 0xc6, 0xad, 0x97, 0x74, 0x51, 0x51, 0x75, 0x97, 0xaf, 0xe4, 0xe4, 0xc6, 0xe4, 0xe4,
     0xe4, 0xca, 0xad, 0x97, 0x74, 0x50, 0x51, 0x74, 0x97, 0xad, 0xe4, 0xe4, 0xc0, 0xaf, 0xbd, 0xe4, 0xba, 0x9a, 0x89, 0x6c, 0x4b, 0x4b, 0x6c, 0x89, 0x9b, 0xc5, 0xe4, 0xe4, 0xc6, 0xc9,
     0xe4, 0xbd, 0x9b, 0x76, 0x57, 0x3b, 0x3b, 0x57, 0x75, 0x99, 0xb3, 0xd0, 0xe4, 0xe4, 0xe4, 0xe4, 0xbb, 0x9b, 0x76, 0x52, 0x2d, 0x29, 0x4b, 0x6d, 0x8a, 0x99, 0xb2, 0xc1, 0xc4, 0xc0,
     0xcc, 0xb4, 0x99, 0x75, 0x51, 0x2d, 0x1c, 0x3b, 0x58, 0x6d, 0x8a, 0x99, 0x9b, 0x9b, 0x9b, 0x9b, 0x99, 0x8a, 0x6d, 0x4b, 0x29,  0x9, 0x24, 0x3b, 0x57, 0x6d, 0x75, 0x76, 0x76, 0x76,
     0x76, 0x75, 0x6d, 0x58, 0x3b, 0x1c,  0x0,  0x9, 0x24, 0x3b, 0x4b, 0x51, 0x52, 0x52, 0x52, 0x52, 0x51, 0x4b, 0x3b, 0x24,  0x9,  0x8, 0x24, 0x3b, 0x4b, 0x51, 0x4b, 0x3b, 0x3c, 0x4c,
     0x52, 0x51, 0x4b, 0x3b, 0x24,  0x9, 0x24, 0x3b, 0x57, 0x6c, 0x75, 0x6c, 0x57, 0x58, 0x6d, 0x76, 0x75, 0x6d, 0x57, 0x3b, 0x1c, 0x3b, 0x57, 0x6c, 0x89, 0x97, 0x89, 0x6e, 0x6d, 0x8b,
     0x99, 0x98, 0x8a, 0x6d, 0x4b, 0x28, 0x4b, 0x6c, 0x89, 0x97, 0xaf, 0x9a, 0x8b, 0x89, 0x99, 0xb5, 0xb2, 0x98, 0x75, 0x51, 0x2d, 0x50, 0x74, 0x97, 0xad, 0xce, 0xb9, 0x9a, 0x97, 0xad,
     0xce, 0xc7, 0x9b, 0x76, 0x52, 0x2e, 0x51, 0x75, 0x97, 0xaf, 0xe4, 0xc9, 0x9b, 0x98, 0xb1, 0xe4, 0xcc, 0x9b, 0x76, 0x52, 0x2e, 0x50, 0x74, 0x97, 0xad, 0xe4, 0xe4, 0xae, 0x99, 0xb5,
     0xe4, 0xd0, 0x9b, 0x76, 0x52, 0x2e, 0x4b, 0x6c, 0x89, 0x9b, 0xce, 0xe4, 0xb6, 0x9b, 0xb8, 0xe4, 0xe4, 0x9b, 0x76, 0x57, 0x3b, 0x3b, 0x57, 0x76, 0x9b, 0xcb, 0xe6, 0xcd, 0xc6, 0xca,
     0xe5, 0xe4, 0x9b, 0x89, 0x6c, 0x4b, 0x2e, 0x52, 0x76, 0x9b, 0xca, 0xe5, 0xe4, 0xe4, 0xe4, 0xf3, 0xe4, 0xae, 0x97, 0x74, 0x51, 0x2e, 0x52, 0x76, 0x9b, 0xc9, 0xe4, 0xbe, 0xb4, 0xb6,
     0xe4, 0xe4, 0xae, 0x97, 0x74, 0x51, 0x2e, 0x52, 0x76, 0x9b, 0xc8, 0xe4, 0xb4, 0x99, 0x9b, 0xd0, 0xe4, 0xaf, 0x97, 0x75, 0x51, 0x2e, 0x52, 0x76, 0x9b, 0xc7, 0xe4, 0xaf, 0x97, 0x9b,
     0xc9, 0xe4, 0xae, 0x97, 0x74, 0x51, 0x2e, 0x52, 0x76, 0x9b, 0xc4, 0xc7, 0x9b, 0x89, 0x9b, 0xc2, 0xcd, 0xad, 0x97, 0x74, 0x51, 0x2d, 0x51, 0x75, 0x99, 0xb3, 0xb2, 0x98, 0x75, 0x98,
     0xb1, 0xb1, 0x98, 0x89, 0x6c, 0x4b, 0x29, 0x4b, 0x6d, 0x8a, 0x99, 0x98, 0x8a, 0x6d, 0x8a, 0x98, 0x98, 0x8a, 0x6d, 0x57, 0x3b, 0x1c, 0x3b, 0x57, 0x6d, 0x75, 0x75, 0x6d, 0x57, 0x6d,
     0x75, 0x75, 0x6d, 0x57, 0x3b, 0x24,  0x9, 0x24, 0x3b, 0x4b, 0x51, 0x51, 0x4b, 0x3b, 0x4b, 0x51, 0x51, 0x4b, 0x3b, 0x24,  0x9,  0x9, 0x24, 0x3b, 0x4b, 0x51, 0x52, 0x52, 0x52, 0x52,
     0x52, 0x52, 0x51, 0x4c, 0x3b, 0x24,  0x9,  0x0, 0x24, 0x3b, 0x57, 0x6d, 0x75, 0x76, 0x76, 0x76, 0x76, 0x76, 0x76, 0x76, 0x6d, 0x58, 0x3b, 0x1c,  0x0, 0x3b, 0x57, 0x6d, 0x8a, 0x98,
     0x9b, 0x9b, 0x9b, 0x9b, 0x9b, 0x9b, 0x99, 0x8b, 0x6d, 0x4c, 0x29,  0x5, 0x4b, 0x6c, 0x89, 0x98, 0xb1, 0xbd, 0xc0, 0xc1, 0xc1, 0xc1, 0xbe, 0xb4, 0x99, 0x76, 0x51, 0x2d,  0x9, 0x51,
     0x74, 0x97, 0xae, 0xd0, 0xe4, 0xe4, 0xe4, 0xe4, 0xe4, 0xe4, 0xca, 0x9b, 0x76, 0x52, 0x2e,  0x9, 0x4b, 0x6c, 0x89, 0x9a, 0xb7, 0xbd, 0xbf, 0xe4, 0xe4, 0xc1, 0xb6, 0xaf, 0x97, 0x75,
     0x51, 0x2d,  0x8, 0x3b, 0x57, 0x6d, 0x8b, 0x9a, 0x9b, 0xaf, 0xe4, 0xe4, 0xbb, 0x9b, 0x97, 0x89, 0x6c, 0x4b, 0x28,  0x5, 0x24, 0x3c, 0x58, 0x6d, 0x76, 0x98, 0xaf, 0xe4, 0xe4, 0xbd,
     0x9b, 0x76, 0x6c, 0x57, 0x3b, 0x1c,  0x0,  0x9, 0x25, 0x3c, 0x51, 0x75, 0x98, 0xb0, 0xe4, 0xe4, 0xbe, 0x9b, 0x76, 0x52, 0x3b, 0x24,  0x8,  0x0,  0x9, 0x24, 0x3b, 0x51, 0x75, 0x98,
     0xb1, 0xe4, 0xe4, 0xbe, 0x9b, 0x76, 0x52, 0x3b, 0x24,  0x9,  0x0, 0x24, 0x3b, 0x57, 0x6d, 0x75, 0x98, 0xb1, 0xe4, 0xe4, 0xbe, 0x9b, 0x76, 0x6d, 0x57, 0x3b, 0x24,  0x8, 0x3b, 0x57,
     0x6d, 0x8a, 0x98, 0x9b, 0xb2, 0xe4, 0xe4, 0xbe, 0x9b, 0x98, 0x8a, 0x6d, 0x57, 0x3b, 0x1c, 0x4b, 0x6c, 0x89, 0x98, 0xb2, 0xbd, 0xc6, 0xe4, 0xe5, 0xc9, 0xbc, 0xb1, 0x98, 0x89, 0x6c,
     0x4b, 0x28, 0x51, 0x74, 0x97, 0xae, 0xe4, 0xe4, 0xe4, 0xe4, 0xe4, 0xe4, 0xe4, 0xe4, 0xaf, 0x97, 0x75, 0x51, 0x2d, 0x4b, 0x6c, 0x89, 0x99, 0xb5, 0xc1, 0xc5, 0xc6, 0xc6, 0xc5, 0xc3,
     0xbb, 0xad, 0x97, 0x74, 0x51, 0x2c, 0x3b, 0x57, 0x6d, 0x8b, 0x99, 0x9b, 0x9b, 0x9b, 0x9b, 0x9b, 0x9b, 0x9b, 0x97, 0x89, 0x6c, 0x4b, 0x28, 0x24, 0x3b, 0x58, 0x6d, 0x76, 0x76, 0x76,
     0x76, 0x76, 0x76, 0x76, 0x76, 0x74, 0x6c, 0x57, 0x3b, 0x1b,  0x9, 0x24, 0x3b, 0x4c, 0x51, 0x52, 0x52, 0x52, 0x52, 0x52, 0x52, 0x52, 0x51, 0x4b, 0x3b, 0x24,  0x8,  0x0,  0x0,  0x0,
      0x0,  0x9, 0x25, 0x3c, 0x4c, 0x52, 0x52, 0x4c, 0x3c, 0x25,  0x9,  0x0,  0x0,  0x0,  0x0,  0x0, 0x1c, 0x3c, 0x58, 0x6e, 0x76, 0x76, 0x6e, 0x58, 0x3c, 0x24,  0x9,  0x0,  0x0,  0x0,
      0x5, 0x29, 0x4c, 0x6e, 0x8b, 0x9a, 0x9b, 0x8c, 0x6e, 0x58, 0x3b, 0x1c,  0x0,  0x0,  0x0,  0x9, 0x2d, 0x52, 0x76, 0x9a, 0xba, 0xbd, 0x9b, 0x8b, 0x6d, 0x4c, 0x29,  0x0,  0x0,  0x0,
      0x9, 0x2e, 0x52, 0x76, 0x9b, 0xcc, 0xe4, 0xb4, 0x99, 0x76, 0x51, 0x2d,  0x0,  0x8, 0x1b, 0x28, 0x2e, 0x52, 0x76, 0x9b, 0xcd, 0xe4, 0xbd, 0x9b, 0x76, 0x52, 0x2e,  0x8, 0x24, 0x3b,
     0x4b, 0x51, 0x52, 0x76, 0x9b, 0xc9, 0xe4, 0xc2, 0x9b, 0x76, 0x52, 0x2e, 0x24, 0x3b, 0x57, 0x6c, 0x74, 0x74, 0x76, 0x9b, 0xc6, 0xe4, 0xc4, 0x9b, 0x76, 0x52, 0x2e, 0x3b, 0x57, 0x6c,
     0x89, 0x97, 0x97, 0x89, 0x9b, 0xc5, 0xe4, 0xc5, 0x9b, 0x76, 0x52, 0x2e, 0x4b, 0x6c, 0x89, 0x97, 0xae, 0xad, 0x97, 0x9b, 0xc5, 0xe4, 0xc6, 0x9b, 0x76, 0x52, 0x2e, 0x50, 0x74, 0x97,
     0xad, 0xca, 0xc4, 0x9b, 0x9b, 0xc7, 0xe4, 0xc6, 0x9b, 0x76, 0x52, 0x2e, 0x51, 0x74, 0x97, 0xae, 0xe4, 0xe4, 0xb1, 0xae, 0xce, 0xe4, 0xc6, 0x9b, 0x76, 0x52, 0x2e, 0x4b, 0x6c, 0x89,
     0x9b, 0xc6, 0xe4, 0xca, 0xc2, 0xe4, 0xe4, 0xba, 0x9a, 0x76, 0x52, 0x2d, 0x3b, 0x57, 0x75, 0x99, 0xb3, 0xe4, 0xe4, 0xe4, 0xe5, 0xce, 0xae, 0x97, 0x74, 0x51, 0x2d, 0x29, 0x4b, 0x6d,
     0x8a, 0x99, 0xb3, 0xc4, 0xcb, 0xc7, 0xb3, 0x99, 0x89, 0x6c, 0x4b, 0x28, 0x1c, 0x3b, 0x57, 0x6d, 0x8a, 0x99, 0x9b, 0x9b, 0x9b, 0x99, 0x8a, 0x6d, 0x57, 0x3b, 0x1b,  0x9, 0x24, 0x3b,
     0x57, 0x6d, 0x75, 0x76, 0x76, 0x76, 0x75, 0x6d, 0x58, 0x3b, 0x24,  0x8,  0x0,  0x9, 0x24, 0x3b, 0x4b, 0x51, 0x52, 0x52, 0x52, 0x51, 0x4b, 0x3b, 0x24,  0x9,  0x0,  0x9, 0x25, 0x3c,
     0x4c, 0x52, 0x52, 0x4c, 0x3c, 0x2d, 0x2e, 0x2d, 0x28, 0x1c,  0x9,  0x0,  0x0, 0x24, 0x3c, 0x58, 0x6e, 0x76, 0x76, 0x6d, 0x58, 0x51, 0x52, 0x51, 0x4b, 0x3b, 0x24,  0x9,  0x0, 0x3b,
     0x57, 0x6e, 0x8c, 0x9b, 0x9a, 0x8b, 0x6d, 0x75, 0x76, 0x75, 0x6c, 0x57, 0x3b, 0x1c,  0x0, 0x4b, 0x6c, 0x89, 0x9b, 0xbb, 0xb5, 0x9a, 0x8b, 0x98, 0x9b, 0x98, 0x8a, 0x6c, 0x4b, 0x28,
      0x5, 0x51, 0x75, 0x97, 0xaf, 0xe4, 0xe4, 0xb6, 0x9a, 0xb2, 0xca, 0xb1, 0x98, 0x75, 0x51, 0x2d,  0x9, 0x4b, 0x6c, 0x89, 0x9b, 0xcd, 0xe4, 0xc5, 0x9b, 0xc8, 0xe4, 0xb4, 0x99, 0x76,
     0x51, 0x2d,  0x9, 0x3b, 0x57, 0x76, 0x9b, 0xc2, 0xe4, 0xd0, 0xb7, 0xe4, 0xd0, 0xae, 0x97, 0x74, 0x51, 0x2d,  0x8, 0x2d, 0x52, 0x76, 0x9a, 0xb8, 0xe4, 0xe7, 0xe4, 0xe4, 0xc2, 0x9b,
     0x89, 0x6c, 0x4b, 0x28,  0x8, 0x2d, 0x51, 0x75, 0x98, 0xb0, 0xe4, 0xff, 0xff, 0xe4, 0xb9, 0x9a, 0x8a, 0x6d, 0x57, 0x3b, 0x1b, 0x2c, 0x51, 0x74, 0x97, 0xae, 0xe4, 0xf4, 0xe6, 0xe7,
     0xce, 0xb1, 0x98, 0x89, 0x6c, 0x4b, 0x28, 0x2c, 0x50, 0x74, 0x97, 0xad, 0xe4, 0xe6, 0xcc, 0xe4, 0xe5, 0xc9, 0xad, 0x97, 0x74, 0x51, 0x2c, 0x2d, 0x51, 0x75, 0x97, 0xaf, 0xe4, 0xe4,
     0xb5, 0xc5, 0xe4, 0xe4, 0xb9, 0x9a, 0x76, 0x52, 0x2d, 0x2d, 0x51, 0x75, 0x98, 0xb1, 0xe4, 0xe4, 0xb1, 0xae, 0xca, 0xe5, 0xc9, 0x9b, 0x76, 0x52, 0x2e, 0x2d, 0x51, 0x76, 0x99, 0xb4,
     0xe4, 0xca, 0xad, 0x98, 0xb1, 0xd0, 0xd0, 0x9b, 0x76, 0x52, 0x2e, 0x2d, 0x51, 0x75, 0x97, 0xaf, 0xc3, 0xb3, 0x99, 0x8a, 0x99, 0xb3, 0xbc, 0x9b, 0x76, 0x52, 0x2d, 0x28, 0x4b, 0x6c,
     0x89, 0x97, 0x9b, 0x99, 0x8a, 0x6d, 0x8a, 0x99, 0x9b, 0x8c, 0x6e, 0x4c, 0x29, 0x1c, 0x3b, 0x57, 0x6c, 0x75, 0x76, 0x75, 0x6d, 0x58, 0x6d, 0x75, 0x76, 0x6e, 0x58, 0x3c, 0x1c,  0x8,
     0x24, 0x3b, 0x4b, 0x51, 0x52, 0x51, 0x4b, 0x3b, 0x4b, 0x51, 0x52, 0x4c, 0x3c, 0x25,  0x9,  0x9, 0x24, 0x3c, 0x4c, 0x52, 0x51, 0x4c, 0x3b, 0x24,  0x9,  0x0,  0x0,  0x0,  0x0,  0x0,
     0x24, 0x3c, 0x58, 0x6d, 0x76, 0x76, 0x6d, 0x58, 0x3b, 0x1c,  0x0,  0x0,  0x0,  0x0,  0x0, 0x3b, 0x57, 0x6d, 0x8b, 0x9a, 0x99, 0x8b, 0x6d, 0x4c, 0x29,  0x8,  0x0,  0x0,  0x0,  0x0,
     0x4b, 0x6c, 0x89, 0x9a, 0xb7, 0xb4, 0x99, 0x76, 0x57, 0x3b, 0x1b,  0x0,  0x0,  0x0,  0x0, 0x51, 0x74, 0x97, 0xae, 0xe4, 0xca, 0x9b, 0x89, 0x6c, 0x4b, 0x28,  0x5,  0x0,  0x0,  0x0,
     0x51, 0x75, 0x98, 0xb1, 0xe4, 0xe4, 0xae, 0x97, 0x74, 0x51, 0x2d,  0x8,  0x0,  0x0,  0x0, 0x51, 0x75, 0x98, 0xb2, 0xe4, 0xe4, 0xb1, 0x98, 0x75, 0x51, 0x2d,  0x9,  0x0,  0x0,  0x0,
     0x51, 0x75, 0x98, 0xb1, 0xe4, 0xe4, 0xb3, 0x99, 0x75, 0x51, 0x2d,  0x9,  0x0,  0x0,  0x0, 0x51, 0x75, 0x98, 0xb0, 0xe4, 0xe4, 0xb3, 0x99, 0x75, 0x51, 0x2e, 0x29, 0x1c,  0x9,  0x0,
     0x51, 0x75, 0x97, 0xaf, 0xe4, 0xe4, 0xb2, 0x99, 0x75, 0x52, 0x52, 0x4c, 0x3c, 0x25,  0x9, 0x51, 0x74, 0x97, 0xae, 0xe4, 0xe4, 0xb1, 0x98, 0x76, 0x76, 0x76, 0x6e, 0x58, 0x3c, 0x1c,
     0x51, 0x74, 0x97, 0xae, 0xe4, 0xe4, 0xb0, 0x9b, 0x9b, 0x9b, 0x9b, 0x8c, 0x6e, 0x4c, 0x29, 0x51, 0x74, 0x97, 0xae, 0xe4, 0xe4, 0xc3, 0xbf, 0xc3, 0xc6, 0xbd, 0x9b, 0x76, 0x52, 0x2e,
     0x4b, 0x6c, 0x89, 0x9b, 0xe4, 0xe4, 0xe4, 0xe4, 0xe4, 0xe4, 0xc6, 0x9b, 0x76, 0x52, 0x2e, 0x3b, 0x57, 0x76, 0x9a, 0xb8, 0xbd, 0xbc, 0xb9, 0xb6, 0xb0, 0x9b, 0x8c, 0x6e, 0x4c, 0x29,
     0x29, 0x4c, 0x6d, 0x8b, 0x9a, 0x9b, 0x9b, 0x9a, 0x9a, 0x98, 0x8a, 0x6e, 0x58, 0x3c, 0x1c, 0x1c, 0x3c, 0x58, 0x6d, 0x76, 0x76, 0x76, 0x76, 0x76, 0x75, 0x6c, 0x57, 0x3c, 0x25,  0x9,
      0x9, 0x25, 0x3c, 0x4c, 0x52, 0x52, 0x52, 0x52, 0x52, 0x51, 0x4b, 0x3b, 0x24,  0x9,  0x0,  0x0,  0x0,  0x8, 0x24, 0x3b, 0x4b, 0x51, 0x52, 0x50, 0x4c, 0x52, 0x52, 0x4c, 0x3c, 0x25,
      0x9,  0x0,  0x0,  0x0,  0x0,  0x0, 0x1c, 0x3b, 0x57, 0x6c, 0x75, 0x76, 0x74, 0x6d, 0x76, 0x76, 0x6e, 0x58, 0x3c, 0x24,  0x9,  0x0,  0x0,  0x0,  0x9, 0x28, 0x4b, 0x6c, 0x89, 0x98,
     0x9b, 0x97, 0x8b, 0x9a, 0x9a, 0x8b, 0x6e, 0x58, 0x3c, 0x1c,  0x0,  0x0,  0x0, 0x1c, 0x3c, 0x58, 0x75, 0x98, 0xaf, 0xbb, 0xad, 0x9a, 0xb5, 0xb9, 0x9a, 0x8b, 0x6d, 0x4c, 0x29,  0x8,
      0x0,  0x8, 0x29, 0x4c, 0x6d, 0x8b, 0x9b, 0xc7, 0xe4, 0xbe, 0xaf, 0xce, 0xe4, 0xb7, 0x9a, 0x76, 0x57, 0x3b, 0x1b,  0x0, 0x1b, 0x3b, 0x57, 0x76, 0x9a, 0xb7, 0xe4, 0xf3, 0xe4, 0xc8,
     0xe5, 0xe4, 0xc4, 0x9b, 0x89, 0x6c, 0x4b, 0x28,  0x5, 0x28, 0x4b, 0x6c, 0x89, 0x9b, 0xc5, 0xe4, 0xe4, 0xf3, 0xe5, 0xe5, 0xe7, 0xd0, 0xae, 0x97, 0x74, 0x51, 0x2c,  0x8, 0x2d, 0x51,
     0x74, 0x97, 0xae, 0xe4, 0xe4, 0xc6, 0xe4, 0xe5, 0xc8, 0xe5, 0xe4, 0xb5, 0x9a, 0x76, 0x52, 0x2d,  0x9, 0x2d, 0x52, 0x76, 0x9a, 0xb7, 0xe4, 0xe4, 0xaf, 0xcd, 0xe4, 0xb4, 0xc9, 0xe4,
     0xc0, 0x9b, 0x76, 0x58, 0x3b, 0x1c, 0x2e, 0x52, 0x76, 0x9b, 0xbe, 0xe4, 0xc9, 0x9b, 0xb4, 0xbd, 0x9b, 0xbe, 0xe4, 0xcd, 0x9b, 0x8a, 0x6d, 0x4b, 0x29, 0x2e, 0x52, 0x76, 0x9b, 0xc5,
     0xe4, 0xc1, 0x9b, 0x99, 0x9b, 0x99, 0xb4, 0xe4, 0xe4, 0xb3, 0x99, 0x75, 0x51, 0x2d, 0x3b, 0x57, 0x76, 0x9b, 0xcc, 0xe4, 0xba, 0x9a, 0x76, 0x76, 0x97, 0xad, 0xcd, 0xe4, 0xbd, 0x9b,
     0x76, 0x52, 0x2e, 0x4b, 0x6c, 0x89, 0x9b, 0xe4, 0xe4, 0xb3, 0x99, 0x75, 0x6c, 0x89, 0x9b, 0xbd, 0xe4, 0xc8, 0x9b, 0x76, 0x52, 0x2e, 0x51, 0x75, 0x97, 0xaf, 0xe4, 0xce, 0xad, 0x97,
     0x74, 0x57, 0x75, 0x98, 0xb0, 0xe4, 0xd0, 0x9b, 0x76, 0x52, 0x2e, 0x51, 0x74, 0x97, 0xad, 0xcc, 0xb9, 0x9a, 0x89, 0x6c, 0x4b, 0x6c, 0x8a, 0x9b, 0xbf, 0xc7, 0x9b, 0x76, 0x52, 0x2e,
     0x4b, 0x6c, 0x89, 0x97, 0x9b, 0x9a, 0x8b, 0x6e, 0x57, 0x3b, 0x57, 0x6e, 0x8c, 0x9b, 0x9b, 0x8c, 0x6e, 0x4c, 0x29, 0x3b, 0x57, 0x6c, 0x74, 0x76, 0x76, 0x6e, 0x58, 0x3c, 0x24, 0x3c,
     0x58, 0x6e, 0x76, 0x76, 0x6e, 0x58, 0x3c, 0x1c, 0x24, 0x3b, 0x4b, 0x51, 0x52, 0x52, 0x4c, 0x3c, 0x25,  0x9, 0x25, 0x3c, 0x4c, 0x52, 0x52, 0x4c, 0x3c, 0x25,  0x9,  0x8, 0x24, 0x3b,
     0x4b, 0x51, 0x50, 0x4b, 0x3b, 0x4b, 0x51, 0x52, 0x51, 0x4b, 0x3b, 0x24,  0x8, 0x1b, 0x3b, 0x57, 0x6c, 0x74, 0x74, 0x6c, 0x57, 0x6c, 0x75, 0x76, 0x74, 0x6c, 0x57, 0x3b, 0x1b, 0x28,
     0x4b, 0x6c, 0x89, 0x97, 0x97, 0x89, 0x6c, 0x89, 0x97, 0x9b, 0x97, 0x89, 0x6c, 0x4b, 0x28, 0x2c, 0x51, 0x74, 0x97, 0xad, 0xad, 0x97, 0x89, 0x97, 0xaf, 0xc2, 0xad, 0x97, 0x74, 0x51,
     0x2c, 0x2e, 0x52, 0x76, 0x9b, 0xc3, 0xc6, 0xad, 0x97, 0x9b, 0xbc, 0xe4, 0xb2, 0x98, 0x75, 0x51, 0x2d, 0x2e, 0x52, 0x76, 0x9b, 0xcd, 0xe4, 0xbc, 0x9b, 0x9b, 0xc2, 0xe4, 0xb3, 0x99,
     0x75, 0x51, 0x2d, 0x2e, 0x52, 0x76, 0x9b, 0xce, 0xe7, 0xe4, 0xb0, 0x9b, 0xc5, 0xe4, 0xb4, 0x99, 0x76, 0x51, 0x2d, 0x2e, 0x52, 0x76, 0x9b, 0xd0, 0xe7, 0xe4, 0xc3, 0x9b, 0xc6, 0xe4,
     0xb5, 0x99, 0x76, 0x51, 0x2d, 0x3b, 0x57, 0x76, 0x9b, 0xd0, 0xe7, 0xe4, 0xe4, 0xb4, 0xc8, 0xe4, 0xb5, 0x9a, 0x76, 0x52, 0x2d, 0x4b, 0x6c, 0x89, 0x9b, 0xe4, 0xe4, 0xc5, 0xe4, 0xc8,
     0xc9, 0xe4, 0xb5, 0x99, 0x76, 0x51, 0x2d, 0x51, 0x74, 0x97, 0xad, 0xe4, 0xe4, 0xb5, 0xd0, 0xe5, 0xe5, 0xe4, 0xb3, 0x99, 0x75, 0x51, 0x2d, 0x51, 0x75, 0x97, 0xaf, 0xe4, 0xe4, 0xb3,
     0xbc, 0xe4, 0xf4, 0xe4, 0xb2, 0x99, 0x75, 0x51, 0x2d, 0x51, 0x75, 0x98, 0xb1, 0xe4, 0xe4, 0xb0, 0xae, 0xcb, 0xe5, 0xe4, 0xaf, 0x97, 0x75, 0x51, 0x2d, 0x51, 0x75, 0x98, 0xb0, 0xe4,
     0xcd, 0xad, 0x99, 0xb3, 0xe4, 0xcb, 0x9b, 0x89, 0x6c, 0x4b, 0x28, 0x4b, 0x6c, 0x8a, 0x9b, 0xbf, 0xb4, 0x99, 0x8a, 0x99, 0xb3, 0xb5, 0x99, 0x76, 0x57, 0x3b, 0x1b, 0x3b, 0x57, 0x6e,
     0x8c, 0x9b, 0x99, 0x8b, 0x6d, 0x8a, 0x99, 0x99, 0x8b, 0x6d, 0x4c, 0x29,  0x8, 0x24, 0x3c, 0x58, 0x6e, 0x76, 0x76, 0x6d, 0x58, 0x6d, 0x75, 0x76, 0x6d, 0x58, 0x3c, 0x1c,  0x0,  0x9,
     0x25, 0x3c, 0x4c, 0x52, 0x51, 0x4c, 0x3b, 0x4b, 0x51, 0x51, 0x4c, 0x3c, 0x24,  0x9,  0x0,  0x0,  0x8, 0x24, 0x3b, 0x4b, 0x51, 0x52, 0x52, 0x52, 0x4c, 0x3c, 0x28, 0x1c,  0x8,  0x0,
      0x0,  0x8, 0x24, 0x3b, 0x57, 0x6c, 0x74, 0x76, 0x76, 0x76, 0x6d, 0x58, 0x4b, 0x3b, 0x24,  0x8,  0x0, 0x1c, 0x3b, 0x57, 0x6c, 0x89, 0x97, 0x9b, 0x9b, 0x9a, 0x8b, 0x75, 0x6c, 0x57,
     0x3b, 0x1c,  0x0, 0x28, 0x4b, 0x6c, 0x89, 0x97, 0xae, 0xbc, 0xbe, 0xb7, 0x9b, 0x98, 0x8a, 0x6c, 0x4b, 0x28,  0x9, 0x2d, 0x51, 0x75, 0x97, 0xaf, 0xcb, 0xe4, 0xe4, 0xe4, 0xc7, 0xb0,
     0x98, 0x75, 0x57, 0x3b, 0x1c, 0x2e, 0x52, 0x76, 0x9b, 0xbd, 0xe4, 0xd0, 0xbf, 0xc1, 0xe4, 0xc3, 0x9b, 0x8a, 0x6d, 0x4b, 0x29, 0x3b, 0x57, 0x76, 0x9b, 0xcc, 0xe4, 0xbb, 0x9b, 0x9b,
     0xc7, 0xe4, 0xb3, 0x99, 0x75, 0x51, 0x2d, 0x4b, 0x6c, 0x89, 0x9b, 0xe4, 0xe4, 0xb0, 0x98, 0x9b, 0xba, 0xe4, 0xb9, 0x9a, 0x76, 0x52, 0x2d, 0x51, 0x75, 0x97, 0xaf, 0xe4, 0xe4, 0xad,
     0x97, 0x9a, 0xb6, 0xe4, 0xbe, 0x9b, 0x76, 0x52, 0x2e, 0x51, 0x74, 0x97, 0xae, 0xe4, 0xe4, 0xaf, 0x97, 0x99, 0xb4, 0xe4, 0xc3, 0x9b, 0x76, 0x52, 0x2e, 0x4b, 0x6c, 0x89, 0x9b, 0xcd,
     0xe4, 0xbb, 0x9b, 0x99, 0xb3, 0xe4, 0xc3, 0x9b, 0x76, 0x52, 0x2e, 0x3b, 0x57, 0x76, 0x9b, 0xbe, 0xe4, 0xcd, 0xae, 0x9b, 0xba, 0xe4, 0xbb, 0x9b, 0x76, 0x52, 0x2d, 0x2d, 0x51, 0x74,
     0x97, 0xae, 0xcb, 0xe5, 0xca, 0xbb, 0xcc, 0xe4, 0xaf, 0x97, 0x75, 0x51, 0x2d, 0x28, 0x4b, 0x6c, 0x89, 0x98, 0xb2, 0xcb, 0xe4, 0xe4, 0xe4, 0xbc, 0x9b, 0x89, 0x6c, 0x4b, 0x28, 0x1b,
     0x3b, 0x57, 0x6d, 0x8a, 0x98, 0xae, 0xbb, 0xc3, 0xb9, 0x9b, 0x8c, 0x6e, 0x57, 0x3b, 0x1c,  0x8, 0x24, 0x3b, 0x57, 0x6d, 0x89, 0x97, 0x9b, 0x9b, 0x9a, 0x8b, 0x6e, 0x58, 0x3c, 0x24,
      0x8,  0x0,  0x9, 0x24, 0x3b, 0x57, 0x6c, 0x74, 0x76, 0x76, 0x76, 0x6e, 0x58, 0x3c, 0x25,  0x9,  0x0,  0x0,  0x0,  0x9, 0x24, 0x3b, 0x4b, 0x51, 0x52, 0x52, 0x52, 0x4c, 0x3c, 0x25,
      0x9,  0x0,  0x0,  0x9, 0x24, 0x3b, 0x4b, 0x51, 0x52, 0x52, 0x52, 0x52, 0x51, 0x4b, 0x3b, 0x24,  0x9,  0x0, 0x1c, 0x3b, 0x57, 0x6d, 0x75, 0x76, 0x76, 0x76, 0x76, 0x74, 0x6c, 0x57,
     0x3b, 0x24,  0x9, 0x28, 0x4b, 0x6d, 0x8a, 0x98, 0x9b, 0x9b, 0x9b, 0x9a, 0x97, 0x89, 0x6d, 0x57, 0x3b, 0x1c, 0x2d, 0x51, 0x75, 0x98, 0xb1, 0xc0, 0xc5, 0xc3, 0xb8, 0xad, 0x98, 0x8a,
     0x6d, 0x4b, 0x28, 0x2e, 0x52, 0x76, 0x9b, 0xc1, 0xe4, 0xe4, 0xe4, 0xe4, 0xcc, 0xb1, 0x98, 0x75, 0x51, 0x2d, 0x2e, 0x52, 0x76, 0x9b, 0xc6, 0xe4, 0xbc, 0xb4, 0xc0, 0xe4, 0xbd, 0x9b,
     0x76, 0x52, 0x2e, 0x2e, 0x52, 0x76, 0x9b, 0xca, 0xe4, 0xb7, 0x9b, 0xb2, 0xe4, 0xbf, 0x9b, 0x76, 0x52, 0x2e, 0x3b, 0x57, 0x76, 0x9b, 0xcd, 0xe4, 0xc0, 0xc1, 0xcd, 0xe4, 0xb8, 0x9a,
     0x76, 0x52, 0x2d, 0x4b, 0x6c, 0x89, 0x9b, 0xe4, 0xf3, 0xe4, 0xe4, 0xe4, 0xbf, 0x9b, 0x8b, 0x6d, 0x4c, 0x29, 0x51, 0x74, 0x97, 0xae, 0xe4, 0xe4, 0xc2, 0xb7, 0xae, 0x9b, 0x8c, 0x6e,
     0x58, 0x3c, 0x1c, 0x51, 0x75, 0x98, 0xb0, 0xe4, 0xe4, 0xb2, 0x9a, 0x97, 0x89, 0x6e, 0x58, 0x3c, 0x25,  0x9, 0x51, 0x75, 0x98, 0xb1, 0xe4, 0xe4, 0xae, 0x97, 0x74, 0x6c, 0x57, 0x3c,
     0x25,  0x9,  0x0, 0x51, 0x75, 0x99, 0xb2, 0xe4, 0xd0, 0x9b, 0x89, 0x6c, 0x4b, 0x3b, 0x24,  0x9,  0x0,  0x0, 0x51, 0x75, 0x98, 0xb1, 0xe4, 0xc7, 0x9b, 0x76, 0x57, 0x3b, 0x1b,  0x8,
      0x0,  0x0,  0x0, 0x4b, 0x6d, 0x8a, 0x9a, 0xb8, 0xb2, 0x98, 0x75, 0x51, 0x2d,  0x9,  0x0,  0x0,  0x0,  0x0, 0x3b, 0x57, 0x6d, 0x8b, 0x9a, 0x98, 0x8a, 0x6d, 0x4b, 0x28,  0x5,  0x0,
      0x0,  0x0,  0x0, 0x24, 0x3c, 0x58, 0x6d, 0x76, 0x75, 0x6d, 0x57, 0x3b, 0x1c,  0x0,  0x0,  0x0,  0x0,  0x0,  0x9, 0x25, 0x3c, 0x4c, 0x52, 0x51, 0x4b, 0x3b, 0x24,  0x9,  0x0,  0x0,
      0x0,  0x0,  0x0,  0x0,  0x8, 0x24, 0x3b, 0x4b, 0x51, 0x52, 0x52, 0x52, 0x4c, 0x3c, 0x28, 0x1c,  0x8,  0x0,  0x0,  0x0,  0x8, 0x24, 0x3b, 0x57, 0x6c, 0x74, 0x76, 0x76, 0x76, 0x6d,
     0x58, 0x4b, 0x3b, 0x24,  0x8,  0x0,  0x0, 0x1c, 0x3b, 0x57, 0x6c, 0x89, 0x97, 0x9b, 0x9b, 0x9a, 0x8b, 0x75, 0x6c, 0x57, 0x3b, 0x1c,  0x0,  0x0, 0x28, 0x4b, 0x6c, 0x89, 0x98, 0xae,
     0xbb, 0xbe, 0xb6, 0x9b, 0x98, 0x89, 0x6c, 0x4b, 0x28,  0x9,  0x0, 0x2d, 0x51, 0x75, 0x98, 0xaf, 0xc9, 0xe4, 0xe4, 0xe4, 0xc4, 0xb0, 0x98, 0x75, 0x57, 0x3b, 0x1c,  0x0, 0x2e, 0x52,
     0x76, 0x9b, 0xbe, 0xe4, 0xd0, 0xbf, 0xc1, 0xe4, 0xc7, 0x9b, 0x8a, 0x6d, 0x4b, 0x29,  0x5, 0x3b, 0x57, 0x76, 0x9b, 0xc6, 0xe4, 0xbb, 0x9b, 0x9b, 0xc7, 0xe4, 0xb3, 0x99, 0x75, 0x51,
     0x2d,  0x9, 0x4b, 0x6c, 0x89, 0x9b, 0xce, 0xe4, 0xb0, 0x98, 0x9a, 0xba, 0xe4, 0xbc, 0x9b, 0x76, 0x52, 0x2e,  0x9, 0x51, 0x74, 0x97, 0xae, 0xe4, 0xe4, 0xad, 0x97, 0x99, 0xb5, 0xe4,
     0xc2, 0x9b, 0x76, 0x52, 0x2e,  0x9, 0x51, 0x74, 0x97, 0xad, 0xe4, 0xe4, 0xaf, 0x97, 0x99, 0xb2, 0xe4, 0xc5, 0x9b, 0x76, 0x52, 0x2e,  0x9, 0x4b, 0x6c, 0x89, 0x9b, 0xcc, 0xe4, 0xb9,
     0x9a, 0x98, 0xb2, 0xe4, 0xc1, 0x9b, 0x76, 0x52, 0x2e,  0x9, 0x3b, 0x57, 0x76, 0x9b, 0xbe, 0xe4, 0xc9, 0xae, 0xaf, 0xc2, 0xe4, 0xbb, 0x9b, 0x76, 0x52, 0x2d,  0x9, 0x2d, 0x51, 0x75,
     0x98, 0xaf, 0xcd, 0xe4, 0xc6, 0xbe, 0xe4, 0xe4, 0xb8, 0x9a, 0x76, 0x57, 0x3b, 0x1b, 0x28, 0x4b, 0x6c, 0x89, 0x99, 0xb3, 0xcd, 0xe4, 0xe4, 0xe4, 0xe4, 0xc9, 0x9b, 0x89, 0x6c, 0x4b,
     0x28, 0x1c, 0x3b, 0x57, 0x6d, 0x8a, 0x99, 0xaf, 0xba, 0xc5, 0xbb, 0xc0, 0xd0, 0xae, 0x97, 0x74, 0x51, 0x2d,  0x8, 0x24, 0x3b, 0x57, 0x6d, 0x89, 0x97, 0x9a, 0x9b, 0x9b, 0x9b, 0x9b,
     0x97, 0x89, 0x6c, 0x4b, 0x28,  0x0,  0x9, 0x24, 0x3b, 0x57, 0x6c, 0x75, 0x76, 0x76, 0x76, 0x76, 0x76, 0x74, 0x6c, 0x57, 0x3b, 0x1b,  0x0,  0x0,  0x9, 0x24, 0x3b, 0x4b, 0x51, 0x52,
     0x52, 0x52, 0x52, 0x52, 0x51, 0x4b, 0x3b, 0x24,  0x8,  0x8, 0x24, 0x3b, 0x4b, 0x51, 0x52, 0x52, 0x52, 0x51, 0x4b, 0x3b, 0x28, 0x1c,  0x8,  0x0, 0x1b, 0x3b, 0x57, 0x6c, 0x74, 0x76,
     0x76, 0x76, 0x75, 0x6c, 0x57, 0x4b, 0x3b, 0x24,  0x8, 0x28, 0x4b, 0x6c, 0x89, 0x97, 0x9a, 0x9b, 0x9a, 0x98, 0x8a, 0x75, 0x6c, 0x57, 0x3b, 0x1c, 0x2d, 0x51, 0x74, 0x97, 0xae, 0xba,
     0xbf, 0xb9, 0xb0, 0x9b, 0x98, 0x8a, 0x6c, 0x4b, 0x28, 0x2e, 0x52, 0x76, 0x9b, 0xbd, 0xe4, 0xe4, 0xe4, 0xe4, 0xc9, 0xb0, 0x98, 0x75, 0x51, 0x2d, 0x2e, 0x52, 0x76, 0x9b, 0xc3, 0xe4,
     0xc4, 0xbb, 0xc7, 0xe4, 0xc0, 0x9b, 0x76, 0x52, 0x2e, 0x2e, 0x52, 0x76, 0x9b, 0xc7, 0xe4, 0xbb, 0x9b, 0xad, 0xd0, 0xc6, 0x9b, 0x76, 0x52, 0x2e, 0x3b, 0x57, 0x76, 0x9b, 0xcb, 0xe4,
     0xbc, 0xb6, 0xc4, 0xe4, 0xc1, 0x9b, 0x76, 0x52, 0x2e, 0x4b, 0x6c, 0x89, 0x9b, 0xce, 0xe7, 0xe4, 0xe4, 0xe4, 0xce, 0xb1, 0x98, 0x75, 0x51, 0x2d, 0x51, 0x74, 0x97, 0xad, 0xe4, 0xf5,
     0xe5, 0xc8, 0xbb, 0xaf, 0x98, 0x8a, 0x6d, 0x4b, 0x28, 0x51, 0x74, 0x97, 0xae, 0xe4, 0xf5, 0xe6, 0xcb, 0xaf, 0x97, 0x89, 0x6d, 0x57, 0x3b, 0x1c, 0x51, 0x75, 0x98, 0xb0, 0xe4, 0xe7,
     0xd0, 0xe4, 0xc5, 0x9b, 0x8b, 0x6e, 0x4c, 0x29,  0x9, 0x51, 0x75, 0x98, 0xb1, 0xe4, 0xe4, 0xb4, 0xe4, 0xe4, 0xb8, 0x9a, 0x76, 0x52, 0x2d,  0x9, 0x51, 0x75, 0x98, 0xb1, 0xe4, 0xce,
     0x9b, 0xba, 0xe4, 0xc8, 0x9b, 0x76, 0x52, 0x2e,  0x9, 0x51, 0x74, 0x97, 0xae, 0xc8, 0xbd, 0x9b, 0x9b, 0xbd, 0xc7, 0x9b, 0x76, 0x52, 0x2e,  0x9, 0x4b, 0x6c, 0x89, 0x97, 0x9b, 0x9b,
     0x8c, 0x8c, 0x9b, 0x9b, 0x8c, 0x6e, 0x4c, 0x29,  0x6, 0x3b, 0x57, 0x6c, 0x74, 0x76, 0x76, 0x6e, 0x6e, 0x76, 0x76, 0x6e, 0x58, 0x3c, 0x1c,  0x0, 0x24, 0x3b, 0x4b, 0x51, 0x52, 0x52,
     0x4c, 0x4c, 0x52, 0x52, 0x4c, 0x3c, 0x25,  0x9,  0x0,  0x0,  0x0,  0x9, 0x24, 0x3c, 0x4c, 0x52, 0x52, 0x52, 0x52, 0x51, 0x4b, 0x3b, 0x24,  0x9,  0x0,  0x0,  0x9, 0x25, 0x3c, 0x58,
     0x6d, 0x76, 0x76, 0x76, 0x76, 0x74, 0x6c, 0x57, 0x3b, 0x24,  0x9,  0x9, 0x24, 0x3c, 0x58, 0x6e, 0x8b, 0x9a, 0x9b, 0x9b, 0x9a, 0x97, 0x89, 0x6d, 0x58, 0x3b, 0x1c, 0x1c, 0x3c, 0x58,
     0x6e, 0x8c, 0x9b, 0xb7, 0xbe, 0xbc, 0xb7, 0xae, 0x99, 0x8b, 0x6d, 0x4c, 0x29, 0x29, 0x4c, 0x6d, 0x8b, 0x9b, 0xc3, 0xe4, 0xe4, 0xe4, 0xe4, 0xcd, 0xb4, 0x99, 0x76, 0x51, 0x2d, 0x2d,
     0x52, 0x76, 0x9a, 0xb7, 0xe4, 0xe5, 0xcd, 0xd0, 0xe4, 0xe4, 0xbb, 0x9b, 0x76, 0x52, 0x2d, 0x2e, 0x52, 0x76, 0x9b, 0xc2, 0xe4, 0xc7, 0xae, 0x9b, 0xb1, 0xb4, 0xad, 0x97, 0x74, 0x51,
     0x2c, 0x2e, 0x52, 0x76, 0x9b, 0xc7, 0xe4, 0xc6, 0x9b, 0x9b, 0x9a, 0x99, 0x97, 0x89, 0x6c, 0x4b, 0x28, 0x2d, 0x52, 0x76, 0x9a, 0xb8, 0xe4, 0xe4, 0xc9, 0xc0, 0xba, 0xb1, 0x99, 0x8a,
     0x6d, 0x4b, 0x28, 0x29, 0x4c, 0x6d, 0x8b, 0x9a, 0xb8, 0xcd, 0xe4, 0xe4, 0xe4, 0xe4, 0xb2, 0x99, 0x75, 0x51, 0x2d, 0x3b, 0x57, 0x6c, 0x74, 0x8b, 0x9a, 0x9b, 0xb3, 0xbd, 0xcd, 0xe4,
     0xc2, 0x9b, 0x76, 0x52, 0x2e, 0x4b, 0x6c, 0x89, 0x97, 0x9b, 0x9b, 0x9b, 0x99, 0x9b, 0xb7, 0xe4, 0xc8, 0x9b, 0x76, 0x52, 0x2e, 0x51, 0x74, 0x97, 0xae, 0xcd, 0xcb, 0xbf, 0xb5, 0xb4,
     0xcb, 0xe4, 0xc0, 0x9b, 0x76, 0x52, 0x2e, 0x51, 0x74, 0x97, 0xae, 0xd0, 0xe4, 0xe4, 0xe4, 0xe4, 0xe4, 0xe4, 0xb3, 0x99, 0x75, 0x51, 0x2d, 0x4b, 0x6c, 0x89, 0x99, 0xb3, 0xc3, 0xcd,
     0xe4, 0xe4, 0xc6, 0xb4, 0x99, 0x8a, 0x6d, 0x4b, 0x29, 0x3b, 0x57, 0x6d, 0x8a, 0x99, 0x9b, 0x9b, 0xaf, 0xae, 0x9b, 0x99, 0x8b, 0x6d, 0x57, 0x3b, 0x1c, 0x24, 0x3b, 0x57, 0x6d, 0x75,
     0x76, 0x89, 0x97, 0x97, 0x89, 0x76, 0x6d, 0x58, 0x3b, 0x24,  0x9,  0x9, 0x24, 0x3b, 0x4b, 0x51, 0x57, 0x6c, 0x75, 0x74, 0x6c, 0x57, 0x4c, 0x3b, 0x24,  0x9,  0x0,  0x0,  0x9, 0x1c,
     0x29, 0x2d, 0x3b, 0x4b, 0x51, 0x51, 0x4b, 0x3b, 0x29, 0x1c,  0x9,  0x0,  0x0,  0x9, 0x25, 0x3c, 0x4c, 0x52, 0x52, 0x52, 0x52, 0x52, 0x52, 0x52, 0x52, 0x52, 0x4c, 0x3c, 0x25,  0x9,
     0x24, 0x3c, 0x58, 0x6d, 0x76, 0x76, 0x76, 0x76, 0x76, 0x76, 0x76, 0x76, 0x76, 0x6e, 0x58, 0x3c, 0x1c, 0x3b, 0x57, 0x6d, 0x8b, 0x9a, 0x9b, 0x9b, 0x9b, 0x9b, 0x9b, 0x9b, 0x9b, 0x9b,
     0x8c, 0x6e, 0x4c, 0x29, 0x4b, 0x6c, 0x89, 0x9a, 0xb8, 0xc4, 0xca, 0xce, 0xe7, 0xd0, 0xcd, 0xc8, 0xbc, 0x9b, 0x76, 0x52, 0x2d, 0x51, 0x74, 0x97, 0xae, 0xcd, 0xe4, 0xe4, 0xe6, 0xf4,
     0xe7, 0xe4, 0xe4, 0xc7, 0x9b, 0x76, 0x52, 0x2e, 0x4b, 0x6c, 0x89, 0x97, 0xae, 0xb4, 0xbc, 0xcd, 0xe6, 0xe4, 0xbf, 0xb5, 0xad, 0x97, 0x74, 0x50, 0x2c, 0x3b, 0x57, 0x6c, 0x89, 0x97,
     0x99, 0x9b, 0xc7, 0xe5, 0xcd, 0x9b, 0x99, 0x97, 0x89, 0x6c, 0x4b, 0x28, 0x24, 0x3b, 0x57, 0x6c, 0x74, 0x76, 0x9b, 0xc7, 0xe4, 0xce, 0x9b, 0x76, 0x74, 0x6c, 0x57, 0x3b, 0x1b,  0x8,
     0x24, 0x3b, 0x4b, 0x52, 0x76, 0x9b, 0xc6, 0xe4, 0xd0, 0x9b, 0x76, 0x52, 0x4b, 0x3b, 0x24,  0x8,  0x0,  0x8, 0x1b, 0x2e, 0x52, 0x76, 0x9b, 0xc5, 0xe4, 0xd0, 0x9b, 0x76, 0x52, 0x2e,
     0x1b,  0x8,  0x0,  0x0,  0x0,  0x9, 0x2e, 0x52, 0x76, 0x9b, 0xc3, 0xe4, 0xd0, 0x9b, 0x76, 0x52, 0x2e,  0x9,  0x0,  0x0,  0x0,  0x0,  0x9, 0x2e, 0x52, 0x76, 0x9b, 0xc0, 0xe4, 0xce,
     0x9b, 0x76, 0x52, 0x2e,  0x9,  0x0,  0x0,  0x0,  0x0,  0x9, 0x2d, 0x52, 0x76, 0x9b, 0xbb, 0xe4, 0xce, 0x9b, 0x76, 0x52, 0x2e,  0x9,  0x0,  0x0,  0x0,  0x0,  0x9, 0x2d, 0x51, 0x75,
     0x99, 0xb3, 0xe4, 0xc8, 0x9b, 0x76, 0x52, 0x2e,  0x9,  0x0,  0x0,  0x0,  0x0,  0x5, 0x29, 0x4b, 0x6d, 0x8a, 0x9b, 0xbc, 0xb3, 0x99, 0x75, 0x51, 0x2d,  0x9,  0x0,  0x0,  0x0,  0x0,
      0x0, 0x1c, 0x3b, 0x58, 0x6e, 0x8c, 0x9b, 0x99, 0x8a, 0x6d, 0x4b, 0x29,  0x5,  0x0,  0x0,  0x0,  0x0,  0x0,  0x9, 0x24, 0x3c, 0x58, 0x6e, 0x76, 0x75, 0x6d, 0x57, 0x3b, 0x1c,  0x0,
      0x0,  0x0,  0x0,  0x0,  0x0,  0x0,  0x9, 0x25, 0x3c, 0x4c, 0x52, 0x51, 0x4b, 0x3b, 0x24,  0x9,  0x0,  0x0,  0x0,  0x9, 0x24, 0x3c, 0x4c, 0x52, 0x52, 0x4c, 0x3c, 0x4b, 0x51, 0x52,
     0x51, 0x4b, 0x3b, 0x24,  0x9, 0x24, 0x3c, 0x58, 0x6d, 0x76, 0x76, 0x6d, 0x58, 0x6d, 0x75, 0x76, 0x75, 0x6c, 0x57, 0x3b, 0x1c, 0x3b, 0x57, 0x6d, 0x8b, 0x9a, 0x9a, 0x8b, 0x6d, 0x8a,
     0x98, 0x9b, 0x98, 0x8a, 0x6c, 0x4b, 0x28, 0x4b, 0x6c, 0x89, 0x9a, 0xb7, 0xb8, 0x9a, 0x89, 0x98, 0xb2, 0xc1, 0xb1, 0x98, 0x75, 0x51, 0x2d, 0x51, 0x74, 0x97, 0xae, 0xe4, 0xe4, 0xb0,
     0x98, 0x9b, 0xc1, 0xe4, 0xc3, 0x9b, 0x76, 0x52, 0x2e, 0x51, 0x75, 0x98, 0xaf, 0xe4, 0xe4, 0xb5, 0x99, 0x9b, 0xc4, 0xe4, 0xcc, 0x9b, 0x76, 0x52, 0x2e, 0x51, 0x75, 0x97, 0xaf, 0xe4,
     0xe4, 0xb7, 0x9a, 0x9b, 0xc2, 0xe4, 0xd0, 0x9b, 0x76, 0x52, 0x2e, 0x50, 0x74, 0x97, 0xad, 0xe4, 0xe4, 0xb9, 0x9a, 0x9b, 0xc2, 0xe4, 0xe4, 0x9b, 0x76, 0x52, 0x2e, 0x4b, 0x6c, 0x89,
     0x9b, 0xce, 0xe4, 0xbb, 0x9b, 0x9b, 0xc3, 0xe4, 0xe4, 0x9b, 0x76, 0x52, 0x2e, 0x3b, 0x57, 0x76, 0x9b, 0xca, 0xe4, 0xbd, 0x9b, 0x9b, 0xc5, 0xe4, 0xd0, 0x9b, 0x76, 0x52, 0x2e, 0x2e,
     0x52, 0x76, 0x9b, 0xc6, 0xe4, 0xc0, 0x9b, 0x9b, 0xcb, 0xe5, 0xcc, 0x9b, 0x76, 0x52, 0x2e, 0x2e, 0x52, 0x76, 0x9b, 0xc0, 0xe4, 0xc6, 0x9b, 0xaf, 0xe4, 0xe4, 0xc6, 0x9b, 0x76, 0x52,
     0x2e, 0x2d, 0x51, 0x75, 0x98, 0xb1, 0xe4, 0xe4, 0xc1, 0xc4, 0xe4, 0xe4, 0xba, 0x9a, 0x76, 0x52, 0x2d, 0x28, 0x4b, 0x6d, 0x8a, 0x9b, 0xc1, 0xe4, 0xe4, 0xe4, 0xe6, 0xcc, 0xae, 0x97,
     0x74, 0x51, 0x2d, 0x1c, 0x3b, 0x57, 0x74, 0x97, 0xad, 0xbd, 0xcc, 0xe4, 0xcb, 0xb3, 0x99, 0x89, 0x6c, 0x4b, 0x28,  0x9, 0x28, 0x4b, 0x6c, 0x89, 0x97, 0x9b, 0x9b, 0xae, 0x9b, 0x99,
     0x8a, 0x6d, 0x57, 0x3b, 0x1b,  0x0, 0x1b, 0x3b, 0x57, 0x6c, 0x74, 0x76, 0x89, 0x97, 0x89, 0x75, 0x6d, 0x58, 0x3b, 0x24,  0x8,  0x0,  0x8, 0x24, 0x3b, 0x4b, 0x51, 0x57, 0x6c, 0x74,
     0x6c, 0x57, 0x4b, 0x3b, 0x24,  0x9,  0x0,  0x0,  0x0,  0x8, 0x1b, 0x28, 0x2c, 0x3b, 0x4b, 0x51, 0x4b, 0x3b, 0x29, 0x1c,  0x9,  0x0,  0x0,  0x9, 0x25, 0x3c, 0x4c, 0x52, 0x51, 0x4b,
     0x3b, 0x4b, 0x51, 0x52, 0x4c, 0x3c, 0x25,  0x9,  0x0, 0x24, 0x3c, 0x58, 0x6e, 0x76, 0x75, 0x6d, 0x57, 0x6c, 0x75, 0x76, 0x6e, 0x58, 0x3c, 0x24,  0x8, 0x3b, 0x57, 0x6e, 0x8c, 0x9b,
     0x98, 0x8a, 0x6d, 0x89, 0x98, 0x9b, 0x8c, 0x6e, 0x57, 0x3b, 0x1c, 0x4b, 0x6c, 0x89, 0x9b, 0xbd, 0xb2, 0x98, 0x75, 0x98, 0xaf, 0xbb, 0x9b, 0x89, 0x6c, 0x4b, 0x28, 0x51, 0x74, 0x97,
     0xae, 0xe4, 0xc8, 0x9b, 0x8a, 0x9b, 0xc3, 0xe4, 0xb0, 0x98, 0x75, 0x51, 0x2d, 0x51, 0x74, 0x97, 0xad, 0xe4, 0xe4, 0xb2, 0x98, 0xae, 0xe4, 0xe4, 0xaf, 0x97, 0x75, 0x51, 0x2d, 0x4b,
     0x6c, 0x89, 0x9b, 0xc6, 0xe4, 0xbf, 0x9b, 0xb5, 0xe4, 0xe4, 0x9b, 0x89, 0x6c, 0x4b, 0x28, 0x3b, 0x57, 0x76, 0x9b, 0xbc, 0xe4, 0xcc, 0x9b, 0xbd, 0xe4, 0xc9, 0x9b, 0x76, 0x57, 0x3b,
     0x1c, 0x2d, 0x51, 0x75, 0x98, 0xb2, 0xe4, 0xe4, 0xb1, 0xc5, 0xe4, 0xc0, 0x9b, 0x76, 0x52, 0x2e,  0x9, 0x28, 0x4b, 0x6d, 0x8a, 0x9b, 0xcb, 0xe4, 0xb8, 0xcd, 0xe4, 0xb9, 0x9a, 0x76,
     0x52, 0x2d,  0x9, 0x1c, 0x3b, 0x57, 0x76, 0x9b, 0xc0, 0xe4, 0xc5, 0xe4, 0xe4, 0xb2, 0x98, 0x75, 0x51, 0x2d,  0x9,  0x9, 0x2d, 0x52, 0x76, 0x9a, 0xb6, 0xe4, 0xe4, 0xe6, 0xcd, 0xad,
     0x97, 0x74, 0x50, 0x2c,  0x8,  0x8, 0x2c, 0x51, 0x74, 0x97, 0xae, 0xe4, 0xf3, 0xe4, 0xbf, 0x9b, 0x89, 0x6c, 0x4b, 0x28,  0x5,  0x5, 0x28, 0x4b, 0x6c, 0x89, 0x9b, 0xc5, 0xe4, 0xe4,
     0xb1, 0x98, 0x75, 0x57, 0x3b, 0x1b,  0x0,  0x0, 0x1b, 0x3b, 0x57, 0x75, 0x99, 0xb3, 0xe4, 0xbe, 0x9b, 0x8a, 0x6d, 0x4b, 0x28,  0x8,  0x0,  0x0,  0x8, 0x29, 0x4b, 0x6d, 0x8a, 0x99,
     0xaf, 0x9b, 0x8c, 0x6e, 0x57, 0x3b, 0x1c,  0x0,  0x0,  0x0,  0x0, 0x1c, 0x3b, 0x57, 0x6d, 0x89, 0x97, 0x89, 0x6e, 0x58, 0x3c, 0x24,  0x9,  0x0,  0x0,  0x0,  0x0,  0x9, 0x24, 0x3b,
     0x57, 0x6c, 0x75, 0x6c, 0x57, 0x3c, 0x25,  0x9,  0x0,  0x0,  0x0,  0x0,  0x0,  0x0,  0x9, 0x24, 0x3b, 0x4b, 0x51, 0x4b, 0x3b, 0x24,  0x9,  0x0,  0x0,  0x0,  0x0, 0x24, 0x3b, 0x4b,
     0x50, 0x52, 0x52, 0x4c, 0x3c, 0x24,  0x9, 0x25, 0x3c, 0x4c, 0x52, 0x52, 0x4c, 0x3c, 0x25,  0x9, 0x3b, 0x57, 0x6c, 0x74, 0x76, 0x76, 0x6d, 0x58, 0x3c, 0x24, 0x3c, 0x58, 0x6e, 0x76,
     0x76, 0x6e, 0x58, 0x3c, 0x1c, 0x4b, 0x6c, 0x89, 0x97, 0x9b, 0x9a, 0x8b, 0x6d, 0x57, 0x3b, 0x57, 0x6e, 0x8c, 0x9b, 0x9b, 0x8c, 0x6e, 0x4c, 0x29, 0x50, 0x74, 0x97, 0xad, 0xc5, 0xb6,
     0x9a, 0x89, 0x6c, 0x4b, 0x6c, 0x8a, 0x9b, 0xbc, 0xbe, 0x9b, 0x76, 0x52, 0x2e, 0x51, 0x75, 0x97, 0xaf, 0xe4, 0xcd, 0xad, 0x97, 0x74, 0x51, 0x75, 0x98, 0xb0, 0xe4, 0xc8, 0x9b, 0x76,
     0x52, 0x2e, 0x4b, 0x6c, 0x89, 0x9b, 0xd0, 0xe4, 0xb6, 0x9a, 0x76, 0x57, 0x76, 0x9a, 0xba, 0xe4, 0xc5, 0x9b, 0x76, 0x52, 0x2e, 0x3b, 0x57, 0x76, 0x9b, 0xc4, 0xe4, 0xc2, 0x9b, 0x89,
     0x76, 0x76, 0x9b, 0xc2, 0xe4, 0xc0, 0x9b, 0x76, 0x52, 0x2e, 0x2d, 0x52, 0x76, 0x9a, 0xba, 0xe4, 0xd0, 0xae, 0x97, 0x9a, 0x8b, 0x9b, 0xcb, 0xe4, 0xbc, 0x9b, 0x76, 0x52, 0x2e, 0x2d,
     0x51, 0x75, 0x98, 0xb0, 0xe4, 0xe4, 0xb7, 0xad, 0xb6, 0x9b, 0xaf, 0xe4, 0xe4, 0xb5, 0x99, 0x76, 0x52, 0x2d, 0x28, 0x4b, 0x6c, 0x8a, 0x9b, 0xc9, 0xe4, 0xbf, 0xb9, 0xe4, 0xbc, 0xb5,
     0xe4, 0xe4, 0xae, 0x97, 0x74, 0x51, 0x2d, 0x1c, 0x3b, 0x57, 0x76, 0x9b, 0xbd, 0xe4, 0xc9, 0xc9, 0xe5, 0xd0, 0xbf, 0xe4, 0xc6, 0x9b, 0x89, 0x6c, 0x4b, 0x28,  0x9, 0x2d, 0x51, 0x75,
     0x99, 0xb3, 0xe4, 0xe5, 0xe5, 0xf4, 0xe7, 0xe4, 0xe4, 0xbc, 0x9b, 0x76, 0x57, 0x3b, 0x1b,  0x5, 0x29, 0x4b, 0x6d, 0x8a, 0x9b, 0xcd, 0xe6, 0xe7, 0xe4, 0xe7, 0xf3, 0xe4, 0xb0, 0x98,
     0x75, 0x51, 0x2d,  0x8,  0x0, 0x1c, 0x3b, 0x57, 0x76, 0x9b, 0xc1, 0xe4, 0xce, 0xb2, 0xce, 0xe4, 0xc3, 0x9b, 0x8a, 0x6c, 0x4b, 0x28,  0x5,  0x0,  0x9, 0x2d, 0x51, 0x75, 0x98, 0xb1,
     0xca, 0xb8, 0x9a, 0xb5, 0xc8, 0xb0, 0x98, 0x75, 0x57, 0x3b, 0x1c,  0x0,  0x0,  0x5, 0x28, 0x4b, 0x6d, 0x8a, 0x98, 0x9b, 0x9a, 0x8b, 0x99, 0x9b, 0x98, 0x8a, 0x6c, 0x4b, 0x28,  0x8,
      0x0,  0x0,  0x0, 0x1c, 0x3b, 0x57, 0x6d, 0x75, 0x76, 0x76, 0x6d, 0x76, 0x76, 0x75, 0x6c, 0x57, 0x3b, 0x1c,  0x0,  0x0,  0x0,  0x0,  0x9, 0x24, 0x3b, 0x4b, 0x51, 0x52, 0x52, 0x4c,
     0x51, 0x52, 0x51, 0x4b, 0x3b, 0x24,  0x8,  0x0,  0x0, 0x24, 0x3b, 0x4b, 0x51, 0x52, 0x52, 0x4c, 0x3c, 0x4b, 0x51, 0x52, 0x51, 0x4b, 0x3b, 0x24,  0x8, 0x3b, 0x57, 0x6c, 0x74, 0x76,
     0x76, 0x6e, 0x58, 0x6d, 0x75, 0x76, 0x74, 0x6c, 0x57, 0x3b, 0x1b, 0x4b, 0x6c, 0x89, 0x97, 0x9b, 0x9b, 0x8c, 0x6e, 0x8a, 0x99, 0x9b, 0x97, 0x89, 0x6c, 0x4b, 0x28, 0x51, 0x74, 0x97,
     0xad, 0xce, 0xbd, 0x9b, 0x8a, 0x99, 0xb3, 0xc4, 0xad, 0x97, 0x74, 0x51, 0x2c, 0x51, 0x74, 0x97, 0xae, 0xe4, 0xe4, 0xb1, 0x98, 0xaf, 0xce, 0xe4, 0xae, 0x97, 0x74, 0x51, 0x2c, 0x4b,
     0x6c, 0x89, 0x9b, 0xc4, 0xe4, 0xbf, 0x9b, 0xc1, 0xe4, 0xc1, 0x9b, 0x89, 0x6c, 0x4b, 0x28, 0x3b, 0x57, 0x76, 0x9a, 0xb6, 0xe4, 0xce, 0xb2, 0xe4, 0xe4, 0xb1, 0x98, 0x75, 0x57, 0x3b,
     0x1b, 0x2c, 0x51, 0x74, 0x97, 0xad, 0xce, 0xe7, 0xd0, 0xe4, 0xbe, 0x9b, 0x8a, 0x6d, 0x4b, 0x28,  0x8, 0x28, 0x4b, 0x6c, 0x89, 0x9b, 0xbc, 0xe4, 0xe7, 0xe4, 0xae, 0x97, 0x74, 0x57,
     0x3b, 0x24,  0x8, 0x1c, 0x3b, 0x57, 0x76, 0x9a, 0xb9, 0xe4, 0xe5, 0xe4, 0xbb, 0x9b, 0x8a, 0x6d, 0x57, 0x3b, 0x1b, 0x28, 0x4b, 0x6c, 0x89, 0x9b, 0xc5, 0xe4, 0xc8, 0xe4, 0xe4, 0xb2,
     0x99, 0x89, 0x6c, 0x4b, 0x28, 0x2d, 0x51, 0x75, 0x97, 0xaf, 0xe4, 0xcd, 0xae, 0xc7, 0xe4, 0xc8, 0xad, 0x97, 0x74, 0x50, 0x2c, 0x2d, 0x52, 0x76, 0x9a, 0xba, 0xe4, 0xbd, 0x9b, 0xb1,
     0xd0, 0xe4, 0xb7, 0x9a, 0x76, 0x52, 0x2d, 0x2e, 0x52, 0x76, 0x9b, 0xc4, 0xe4, 0xaf, 0x98, 0x9b, 0xbb, 0xe4, 0xc1, 0x9b, 0x76, 0x52, 0x2e, 0x2e, 0x52, 0x76, 0x9b, 0xc5, 0xbd, 0x9b,
     0x89, 0x97, 0xad, 0xbf, 0xb9, 0x9a, 0x76, 0x52, 0x2d, 0x2c, 0x50, 0x74, 0x97, 0xad, 0x9b, 0x8c, 0x6e, 0x89, 0x97, 0x9b, 0x9a, 0x8b, 0x6e, 0x4c, 0x29, 0x28, 0x4b, 0x6c, 0x89, 0x97,
     0x89, 0x6e, 0x58, 0x6c, 0x74, 0x76, 0x76, 0x6e, 0x58, 0x3c, 0x1c, 0x1b, 0x3b, 0x57, 0x6c, 0x74, 0x6c, 0x57, 0x3c, 0x4b, 0x50, 0x52, 0x52, 0x4c, 0x3c, 0x25,  0x9,  0x8, 0x24, 0x3b,
     0x4b, 0x50, 0x4b, 0x3b, 0x24, 0x28, 0x2c, 0x2e, 0x2d, 0x29, 0x1c,  0x9,  0x0,  0x9, 0x24, 0x3b, 0x4c, 0x51, 0x51, 0x4b, 0x4b, 0x51, 0x52, 0x4c, 0x3c, 0x25,  0x9,  0x0, 0x24, 0x3b,
     0x58, 0x6d, 0x76, 0x75, 0x6c, 0x6c, 0x75, 0x76, 0x6e, 0x58, 0x3c, 0x24,  0x8, 0x3b, 0x57, 0x6d, 0x8b, 0x99, 0x98, 0x89, 0x89, 0x97, 0x9a, 0x8b, 0x6e, 0x57, 0x3b, 0x1b, 0x4b, 0x6c,
     0x89, 0x99, 0xb4, 0xaf, 0x98, 0x97, 0xaf, 0xb9, 0x9a, 0x89, 0x6c, 0x4b, 0x28, 0x51, 0x74, 0x97, 0xae, 0xe4, 0xcb, 0xae, 0x9b, 0xc3, 0xe4, 0xae, 0x97, 0x74, 0x51, 0x2d, 0x4b, 0x6c,
     0x89, 0x9b, 0xca, 0xe4, 0xbf, 0xae, 0xe4, 0xe4, 0xae, 0x97, 0x74, 0x51, 0x2d, 0x3b, 0x57, 0x76, 0x9a, 0xb9, 0xe4, 0xe4, 0xbb, 0xe4, 0xce, 0x9b, 0x89, 0x6c, 0x4b, 0x28, 0x2c, 0x51,
     0x74, 0x97, 0xad, 0xcc, 0xe6, 0xe4, 0xe5, 0xc8, 0x9b, 0x76, 0x57, 0x3b, 0x1b, 0x28, 0x4b, 0x6c, 0x89, 0x9a, 0xba, 0xe4, 0xf4, 0xe4, 0xc1, 0x9b, 0x76, 0x52, 0x2e,  0x9, 0x1b, 0x3b,
     0x57, 0x74, 0x97, 0xae, 0xcc, 0xe6, 0xe4, 0xbb, 0x9b, 0x76, 0x52, 0x2d,  0x9,  0x8, 0x28, 0x4b, 0x6c, 0x89, 0x9a, 0xba, 0xe4, 0xe4, 0xb4, 0x99, 0x75, 0x51, 0x2d,  0x9,  0x0, 0x1b,
     0x3b, 0x57, 0x76, 0x9a, 0xb9, 0xe4, 0xce, 0xad, 0x97, 0x74, 0x51, 0x2c,  0x8,  0x0,  0x9, 0x2e, 0x52, 0x76, 0x9b, 0xc1, 0xe4, 0xc1, 0x9b, 0x89, 0x6c, 0x4b, 0x28,  0x5,  0x0,  0x9,
     0x2e, 0x52, 0x76, 0x9b, 0xca, 0xe4, 0xb5, 0x9a, 0x76, 0x57, 0x3b, 0x1b,  0x0,  0x0,  0x9, 0x2e, 0x52, 0x76, 0x9b, 0xd0, 0xcc, 0xad, 0x97, 0x74, 0x51, 0x2c,  0x8,  0x0,  0x0,  0x9,
     0x2e, 0x52, 0x76, 0x9b, 0xcd, 0xba, 0x9a, 0x89, 0x6c, 0x4b, 0x28,  0x5,  0x0,  0x0,  0x9, 0x2d, 0x51, 0x75, 0x98, 0xb1, 0x9a, 0x8b, 0x6e, 0x57, 0x3b, 0x1b,  0x0,  0x0,  0x0,  0x5,
     0x28, 0x4b, 0x6d, 0x8a, 0x98, 0x8a, 0x6e, 0x58, 0x3c, 0x24,  0x8,  0x0,  0x0,  0x0,  0x0, 0x1c, 0x3b, 0x57, 0x6d, 0x75, 0x6d, 0x57, 0x3c, 0x25,  0x9,  0x0,  0x0,  0x0,  0x0,  0x0,
      0x9, 0x24, 0x3b, 0x4b, 0x51, 0x4b, 0x3b, 0x24,  0x9,  0x0,  0x0,  0x0,  0x0,  0x8, 0x1b, 0x28, 0x3b, 0x4b, 0x51, 0x52, 0x52, 0x52, 0x51, 0x4c, 0x3b, 0x24,  0x9,  0x0,  0x0, 0x24,
     0x3b, 0x4b, 0x57, 0x6d, 0x75, 0x76, 0x76, 0x76, 0x76, 0x6d, 0x58, 0x3c, 0x25,  0x9,  0x0, 0x3b, 0x57, 0x6c, 0x74, 0x8a, 0x98, 0x9a, 0x9a, 0x9a, 0x99, 0x8b, 0x6d, 0x58, 0x3c, 0x1c,
      0x0, 0x4b, 0x6c, 0x89, 0x97, 0x9b, 0xb1, 0xb7, 0xb9, 0xb8, 0xb5, 0x9a, 0x8b, 0x6d, 0x4c, 0x29,  0x5, 0x50, 0x74, 0x97, 0xad, 0xc6, 0xe4, 0xe4, 0xe4, 0xe4, 0xe4, 0xb7, 0x9a, 0x76,
     0x52, 0x2d,  0x9, 0x51, 0x74, 0x97, 0xad, 0xcc, 0xe4, 0xcd, 0xc9, 0xe5, 0xe4, 0xbe, 0x9b, 0x76, 0x52, 0x2e,  0x9, 0x4b, 0x6c, 0x89, 0x97, 0x9b, 0x9b, 0x9b, 0xaf, 0xe4, 0xe4, 0xb5,
     0x99, 0x76, 0x51, 0x2d,  0x9, 0x3b, 0x57, 0x6c, 0x74, 0x76, 0x76, 0x9b, 0xbb, 0xe4, 0xd0, 0xad, 0x97, 0x74, 0x51, 0x2c,  0x8, 0x24, 0x3b, 0x4b, 0x51, 0x6d, 0x8a, 0x9b, 0xc9, 0xe4,
     0xc4, 0x9b, 0x89, 0x6c, 0x4b, 0x28,  0x5,  0x8, 0x1b, 0x3b, 0x57, 0x75, 0x99, 0xb3, 0xe4, 0xe4, 0xb7, 0x9a, 0x76, 0x57, 0x3b, 0x1b,  0x0,  0x5, 0x28, 0x4b, 0x6c, 0x89, 0x9b, 0xc1,
     0xe4, 0xcd, 0xae, 0x97, 0x74, 0x51, 0x3b, 0x24,  0x8,  0x9, 0x2d, 0x51, 0x74, 0x97, 0xae, 0xd0, 0xe4, 0xbe, 0x9b, 0x89, 0x74, 0x6c, 0x57, 0x3b, 0x1b, 0x1c, 0x3b, 0x58, 0x76, 0x9a,
     0xba, 0xe4, 0xe4, 0xb1, 0x9a, 0x9a, 0x97, 0x89, 0x6c, 0x4b, 0x28, 0x29, 0x4c, 0x6d, 0x8b, 0x9b, 0xca, 0xe5, 0xcd, 0xbb, 0xb9, 0xb6, 0xae, 0x97, 0x74, 0x51, 0x2d, 0x2d, 0x51, 0x76,
     0x99, 0xb4, 0xe4, 0xf4, 0xe6, 0xe4, 0xe4, 0xe4, 0xbc, 0x9b, 0x76, 0x52, 0x2e, 0x2d, 0x51, 0x76, 0x99, 0xb4, 0xce, 0xe4, 0xcc, 0xc8, 0xc4, 0xbf, 0xaf, 0x97, 0x75, 0x51, 0x2d, 0x29,
     0x4c, 0x6d, 0x8b, 0x99, 0xad, 0x9b, 0x9b, 0x9b, 0x9b, 0x9b, 0x97, 0x89, 0x6c, 0x4b, 0x28, 0x1c, 0x3b, 0x58, 0x6d, 0x89, 0x97, 0x89, 0x76, 0x76, 0x76, 0x76, 0x75, 0x6c, 0x57, 0x3b,
     0x1c,  0x9, 0x24, 0x3b, 0x57, 0x6c, 0x74, 0x6c, 0x57, 0x52, 0x52, 0x52, 0x51, 0x4b, 0x3b, 0x24,  0x8,  0x0,  0x9, 0x24, 0x3b, 0x4b, 0x50, 0x4b, 0x3b, 0x2e, 0x2e, 0x2e, 0x2d, 0x28,
     0x1c,  0x8,  0x0,  0x9, 0x25, 0x3c, 0x4c, 0x52, 0x52, 0x4c, 0x3c, 0x25,  0x9, 0x24, 0x3c, 0x58, 0x6d, 0x76, 0x76, 0x6d, 0x58, 0x3c, 0x24, 0x3b, 0x57, 0x6d, 0x8b, 0x9a, 0x9a, 0x8b,
     0x6d, 0x57, 0x3b, 0x4b, 0x6c, 0x89, 0x9a, 0xb8, 0xb7, 0x9a, 0x89, 0x6c, 0x4b, 0x51, 0x74, 0x97, 0xae, 0xe4, 0xd0, 0xad, 0x97, 0x74, 0x51, 0x51, 0x75, 0x98, 0xb1, 0xe4, 0xe4, 0xaf,
     0x97, 0x75, 0x51, 0x51, 0x75, 0x98, 0xb1, 0xe4, 0xe4, 0xb0, 0x98, 0x75, 0x51, 0x51, 0x75, 0x99, 0xb2, 0xe4, 0xe4, 0xb0, 0x98, 0x75, 0x51, 0x51, 0x75, 0x98, 0xb2, 0xe4, 0xe4, 0xb0,
     0x98, 0x75, 0x51, 0x51, 0x75, 0x98, 0xb1, 0xe4, 0xe4, 0xaf, 0x97, 0x75, 0x51, 0x51, 0x75, 0x98, 0xb0, 0xe4, 0xe4, 0xad, 0x97, 0x74, 0x51, 0x51, 0x74, 0x97, 0xad, 0xc7, 0xc1, 0x9b,
     0x89, 0x6c, 0x4b, 0x4b, 0x6c, 0x89, 0x97, 0x9b, 0x9b, 0x8c, 0x6e, 0x57, 0x3b, 0x4b, 0x6c, 0x89, 0x9b, 0xc5, 0xc0, 0x9b, 0x76, 0x52, 0x2e, 0x51, 0x74, 0x97, 0xae, 0xd0, 0xca, 0x9b,
     0x76, 0x52, 0x2e, 0x4b, 0x6c, 0x89, 0x99, 0xb3, 0xb1, 0x98, 0x75, 0x51, 0x2d, 0x3b, 0x57, 0x6d, 0x8a, 0x99, 0x98, 0x8a, 0x6d, 0x4b, 0x28, 0x24, 0x3b, 0x57, 0x6d, 0x75, 0x75, 0x6d,
     0x57, 0x3b, 0x1c,  0x9, 0x24, 0x3b, 0x4b, 0x51, 0x51, 0x4b, 0x3b, 0x24,  0x9,  0x0,  0x0,  0x9, 0x24, 0x3b, 0x4b, 0x51, 0x52, 0x52, 0x52, 0x52, 0x51, 0x4b, 0x3b, 0x24,  0x9,  0x0,
      0x0,  0x9, 0x24, 0x3c, 0x57, 0x6d, 0x75, 0x76, 0x76, 0x76, 0x76, 0x75, 0x6d, 0x57, 0x3b, 0x24,  0x9,  0x8, 0x24, 0x3c, 0x58, 0x6d, 0x8a, 0x98, 0x9b, 0x9b, 0x9b, 0x9b, 0x99, 0x8a,
     0x6d, 0x57, 0x3b, 0x1c, 0x1c, 0x3b, 0x57, 0x6d, 0x8b, 0x99, 0xb1, 0xc0, 0xc9, 0xcb, 0xc5, 0xb2, 0x99, 0x8a, 0x6d, 0x4b, 0x28, 0x28, 0x4b, 0x6c, 0x8a, 0x99, 0xb5, 0xe4, 0xe4, 0xc6,
     0xc5, 0xe4, 0xe4, 0xb1, 0x98, 0x75, 0x51, 0x2d, 0x3b, 0x57, 0x75, 0x98, 0xb0, 0xce, 0xca, 0xb1, 0xb6, 0xb6, 0xb2, 0xe4, 0xc1, 0x9b, 0x76, 0x52, 0x2e, 0x4b, 0x6c, 0x89, 0x9b, 0xc5,
     0xce, 0xb0, 0xc1, 0xe4, 0xe4, 0xb7, 0xc8, 0xc8, 0x9b, 0x76, 0x52, 0x2e, 0x51, 0x74, 0x97, 0xae, 0xe4, 0xc0, 0xb6, 0xe4, 0xc6, 0xe4, 0xc6, 0xcd, 0xc0, 0x9b, 0x76, 0x52, 0x2e, 0x51,
     0x75, 0x98, 0xb1, 0xe4, 0xbb, 0xbf, 0xe4, 0xe4, 0xe4, 0xe4, 0xe4, 0xb6, 0x9a, 0x76, 0x52, 0x2d, 0x51, 0x75, 0x97, 0xaf, 0xe4, 0xc0, 0xb7, 0xe4, 0xc6, 0xb8, 0xbf, 0xb9, 0x9a, 0x8b,
     0x6d, 0x4c, 0x29, 0x4b, 0x6c, 0x89, 0x9b, 0xc3, 0xe4, 0xbe, 0xb4, 0xae, 0x9a, 0x9b, 0x9a, 0x8b, 0x6e, 0x58, 0x3c, 0x1c, 0x3b, 0x57, 0x74, 0x97, 0xae, 0xc2, 0xe4, 0xe4, 0xc8, 0x9b,
     0x76, 0x76, 0x6e, 0x58, 0x3c, 0x24,  0x9, 0x28, 0x4b, 0x6c, 0x89, 0x97, 0x9b, 0xaf, 0xb7, 0xb4, 0x99, 0x75, 0x52, 0x4c, 0x3c, 0x25,  0x9,  0x0, 0x1b, 0x3b, 0x57, 0x6c, 0x74, 0x89,
     0x97, 0x9a, 0x99, 0x8a, 0x6d, 0x4b, 0x29, 0x1c,  0x9,  0x0,  0x0,  0x8, 0x24, 0x3b, 0x4b, 0x57, 0x6c, 0x75, 0x76, 0x75, 0x6d, 0x58, 0x3b, 0x1c,  0x0,  0x0,  0x0,  0x0,  0x0,  0x8,
     0x1b, 0x28, 0x3b, 0x4b, 0x51, 0x52, 0x51, 0x4b, 0x3b, 0x24,  0x9,  0x0,  0x0,  0x0,  0x0,  0x0,  0x0,  0x8, 0x24, 0x3b, 0x4b, 0x51, 0x52, 0x4c, 0x3c, 0x2e, 0x29, 0x1c,  0x9,  0x0,
      0x0,  0x0,  0x0,  0x8, 0x1b, 0x3b, 0x57, 0x6c, 0x74, 0x76, 0x6d, 0x58, 0x52, 0x4c, 0x3c, 0x25,  0x9,  0x0,  0x0,  0x8, 0x24, 0x3b, 0x4b, 0x6c, 0x89, 0x97, 0x99, 0x8b, 0x76, 0x76,
     0x6e, 0x58, 0x3c, 0x24,  0x9,  0x0, 0x1b, 0x3b, 0x57, 0x6c, 0x74, 0x97, 0xad, 0xb5, 0x99, 0x9a, 0x9b, 0x8c, 0x6e, 0x57, 0x3b, 0x24,  0x9, 0x28, 0x4b, 0x6c, 0x89, 0x97, 0x9b, 0xbc,
     0xe4, 0xb3, 0xb7, 0xc6, 0x9b, 0x8a, 0x6d, 0x57, 0x3b, 0x1c, 0x2c, 0x50, 0x74, 0x97, 0xad, 0xb6, 0xcb, 0xe4, 0xbe, 0xcd, 0xe4, 0xb2, 0x99, 0x8a, 0x6d, 0x4b, 0x29, 0x2e, 0x52, 0x76,
     0x9b, 0xc4, 0xe4, 0xe6, 0xf3, 0xe4, 0xe6, 0xe7, 0xd0, 0xb3, 0x99, 0x75, 0x51, 0x2d, 0x2d, 0x51, 0x76, 0x99, 0xb5, 0xc6, 0xe4, 0xe7, 0xd0, 0xe7, 0xe4, 0xc2, 0xaf, 0x97, 0x75, 0x51,
     0x2d, 0x2d, 0x51, 0x75, 0x98, 0xb0, 0xc1, 0xe4, 0xe4, 0xc6, 0xe4, 0xcd, 0xb2, 0x99, 0x8b, 0x6d, 0x4c, 0x29, 0x2e, 0x52, 0x76, 0x9b, 0xc7, 0xe4, 0xf3, 0xe5, 0xe4, 0xf3, 0xe4, 0xe4,
     0xb4, 0x99, 0x76, 0x51, 0x2d, 0x2d, 0x51, 0x75, 0x98, 0xb2, 0xca, 0xe5, 0xca, 0xd0, 0xe4, 0xc6, 0xbe, 0xae, 0x97, 0x74, 0x51, 0x2d, 0x28, 0x4b, 0x6d, 0x8a, 0x9b, 0xc6, 0xe4, 0xb3,
     0xcd, 0xe4, 0xb1, 0x9b, 0x97, 0x89, 0x6c, 0x4b, 0x28, 0x1c, 0x3b, 0x57, 0x76, 0x9a, 0xb9, 0xbd, 0x9b, 0xca, 0xc7, 0x9b, 0x8a, 0x74, 0x6c, 0x57, 0x3b, 0x1b,  0x9, 0x29, 0x4c, 0x6e,
     0x8b, 0x9a, 0x9b, 0x97, 0xaf, 0xae, 0x97, 0x74, 0x57, 0x4b, 0x3b, 0x24,  0x8,  0x0, 0x1c, 0x3c, 0x58, 0x6e, 0x76, 0x76, 0x89, 0x97, 0x97, 0x89, 0x6c, 0x4b, 0x28, 0x1b,  0x8,  0x0,
      0x0,  0x9, 0x25, 0x3c, 0x4c, 0x52, 0x57, 0x6c, 0x75, 0x74, 0x6c, 0x57, 0x3b, 0x1b,  0x0,  0x0,  0x0,  0x0,  0x0,  0x9, 0x1c, 0x29, 0x2d, 0x3b, 0x4b, 0x51, 0x51, 0x4b, 0x3b, 0x24,
      0x8,  0x0,  0x0,  0x0,  0x0,  0x0,  0x8, 0x24, 0x3b, 0x4b, 0x51, 0x51, 0x4b, 0x3b, 0x24,  0x9,  0x0,  0x0,  0x0,  0x0,  0x0, 0x1b, 0x3b, 0x57, 0x6c, 0x74, 0x75, 0x6d, 0x57, 0x3b,
     0x24,  0x9,  0x0,  0x0,  0x0,  0x9, 0x28, 0x4b, 0x6c, 0x89, 0x97, 0x99, 0x8a, 0x6d, 0x58, 0x3b, 0x24,  0x8,  0x0,  0x9, 0x24, 0x3b, 0x58, 0x74, 0x97, 0xae, 0xb3, 0x99, 0x8a, 0x6d,
     0x57, 0x3b, 0x24,  0x8, 0x1c, 0x3b, 0x57, 0x6d, 0x8a, 0x9a, 0xb9, 0xe4, 0xb3, 0x99, 0x89, 0x6c, 0x57, 0x3b, 0x1b, 0x28, 0x4b, 0x6d, 0x8a, 0x99, 0xb4, 0xc8, 0xe4, 0xbf, 0xaf, 0x97,
     0x89, 0x6c, 0x4b, 0x28, 0x2d, 0x51, 0x75, 0x98, 0xb2, 0xe4, 0xe4, 0xe4, 0xe4, 0xce, 0xae, 0x97, 0x74, 0x51, 0x2d, 0x2e, 0x52, 0x76, 0x9b, 0xc4, 0xe4, 0xc1, 0xbc, 0xc3, 0xc3, 0xad,
     0x97, 0x74, 0x50, 0x2c, 0x2e, 0x52, 0x76, 0x9b, 0xcd, 0xe4, 0xaf, 0x9b, 0x9b, 0x9b, 0x97, 0x89, 0x6c, 0x4b, 0x28, 0x2e, 0x52, 0x76, 0x9b, 0xc3, 0xe4, 0xcb, 0xbf, 0xb9, 0xaf, 0x97,
     0x89, 0x6c, 0x4b, 0x28, 0x3b, 0x57, 0x74, 0x97, 0xae, 0xbc, 0xcd, 0xe4, 0xe4, 0xcb, 0xae, 0x97, 0x74, 0x51, 0x2d, 0x4b, 0x6c, 0x89, 0x97, 0x9b, 0x9b, 0x9b, 0xb3, 0xc6, 0xe4, 0xb5,
     0x99, 0x76, 0x52, 0x2d, 0x51, 0x74, 0x97, 0xae, 0xbc, 0xb7, 0xaf, 0xad, 0xc3, 0xe4, 0xb5, 0x99, 0x76, 0x51, 0x2d, 0x51, 0x75, 0x98, 0xb1, 0xe4, 0xe4, 0xe4, 0xce, 0xe4, 0xd0, 0xaf,
     0x97, 0x75, 0x51, 0x2d, 0x4b, 0x6c, 0x8a, 0x9a, 0xb9, 0xc9, 0xe4, 0xe5, 0xc9, 0xb2, 0x99, 0x89, 0x6c, 0x4b, 0x28, 0x3b, 0x57, 0x6e, 0x8b, 0x9a, 0x9b, 0xc0, 0xe4, 0xb7, 0x9a, 0x8a,
     0x6d, 0x57, 0x3b, 0x1c, 0x24, 0x3c, 0x58, 0x6e, 0x76, 0x98, 0xb1, 0xc0, 0xae, 0x97, 0x74, 0x57, 0x3b, 0x24,  0x8,  0x9, 0x25, 0x3c, 0x4c, 0x6d, 0x8a, 0x98, 0x9b, 0x97, 0x89, 0x6c,
     0x4b, 0x28,  0x9,  0x0,  0x0,  0x9, 0x1c, 0x3b, 0x57, 0x6d, 0x75, 0x76, 0x74, 0x6c, 0x57, 0x3b, 0x1b,  0x0,  0x0,  0x0,  0x0,  0x9, 0x24, 0x3b, 0x4b, 0x51, 0x52, 0x51, 0x4b, 0x3b,
     0x24,  0x8,  0x0,  0x0,  0x0,  0x8, 0x1c, 0x28, 0x2d, 0x2e, 0x2d, 0x3b, 0x4b, 0x50, 0x52, 0x51, 0x4b, 0x3b, 0x24,  0x8,  0x0,  0x0,  0x8, 0x24, 0x3b, 0x4b, 0x51, 0x52, 0x51, 0x57,
     0x6c, 0x74, 0x76, 0x74, 0x6c, 0x57, 0x3b, 0x1b,  0x0,  0x0, 0x1c, 0x3b, 0x57, 0x6c, 0x75, 0x76, 0x76, 0x6d, 0x89, 0x97, 0x9b, 0x97, 0x89, 0x6c, 0x4b, 0x28,  0x5,  0x0, 0x28, 0x4b,
     0x6c, 0x89, 0x97, 0x9b, 0x99, 0x8b, 0x97, 0xad, 0xbf, 0xae, 0x97, 0x74, 0x51, 0x2c,  0x8,  0x0, 0x2d, 0x51, 0x75, 0x97, 0xaf, 0xbe, 0xb4, 0x99, 0x9b, 0xc6, 0xe4, 0xbc, 0x9b, 0x76,
     0x52, 0x2d,  0x9,  0x0, 0x2d, 0x52, 0x76, 0x9b, 0xbc, 0xe4, 0xcd, 0x9b, 0xb2, 0xe4, 0xe4, 0xb3, 0x99, 0x75, 0x51, 0x2d,  0x9,  0x0, 0x2d, 0x52, 0x76, 0x9a, 0xb8, 0xe4, 0xc8, 0x9b,
     0xca, 0xe5, 0xe4, 0x9b, 0x8a, 0x6d, 0x4b, 0x29,  0x5,  0x0, 0x29, 0x4c, 0x6e, 0x8b, 0x9a, 0xb3, 0xae, 0xae, 0xe4, 0xe5, 0xc8, 0x9b, 0x76, 0x58, 0x3b, 0x24,  0x8,  0x0, 0x1c, 0x3c,
     0x58, 0x6e, 0x8a, 0x99, 0x9b, 0xc2, 0xe4, 0xe4, 0xb2, 0x98, 0x75, 0x6c, 0x57, 0x3b, 0x1c,  0x0,  0x9, 0x25, 0x3c, 0x57, 0x6d, 0x8b, 0x9b, 0xe4, 0xe7, 0xd0, 0x9b, 0x9b, 0x98, 0x89,
     0x6c, 0x4b, 0x28,  0x5,  0x0,  0x9, 0x2d, 0x52, 0x76, 0x9a, 0xb6, 0xe4, 0xe4, 0xb9, 0xb3, 0xbd, 0xaf, 0x98, 0x75, 0x51, 0x2d,  0x8,  0x0,  0x9, 0x2e, 0x52, 0x76, 0x9b, 0xca, 0xe5,
     0xe4, 0x9b, 0xca, 0xe4, 0xbf, 0x9b, 0x76, 0x52, 0x2e,  0x9,  0x0,  0x9, 0x2e, 0x52, 0x76, 0x9b, 0xe4, 0xe4, 0xbb, 0x9b, 0xc7, 0xe4, 0xbd, 0x9b, 0x76, 0x52, 0x2e,  0x9,  0x0,  0x9,
     0x2e, 0x52, 0x76, 0x9b, 0xe4, 0xcd, 0x9b, 0x97, 0xaf, 0xb6, 0xad, 0x97, 0x74, 0x51, 0x2c,  0x8,  0x0,  0x6, 0x29, 0x4c, 0x6e, 0x8c, 0x9b, 0x9b, 0x8c, 0x89, 0x97, 0x9a, 0x97, 0x89,
     0x6c, 0x4b, 0x28,  0x5,  0x0,  0x0, 0x1c, 0x3c, 0x58, 0x6e, 0x76, 0x76, 0x6e, 0x6c, 0x75, 0x76, 0x74, 0x6c, 0x57, 0x3b, 0x1b,  0x0,  0x0,  0x0,  0x9, 0x25, 0x3c, 0x4c, 0x52, 0x52,
     0x4c, 0x4b, 0x51, 0x52, 0x51, 0x4b, 0x3b, 0x24,  0x8,  0x0,  0x0,  0x0,  0x0,  0x9, 0x1c, 0x29, 0x2e, 0x2e, 0x29, 0x28, 0x2d, 0x2d, 0x2c, 0x28, 0x1b,  0x8,  0x0,  0x0,  0x0,  0x9,
     0x24, 0x3b, 0x4b, 0x51, 0x52, 0x52, 0x50, 0x4b, 0x3b, 0x24,  0x8,  0x9, 0x24, 0x3b, 0x58, 0x6d, 0x75, 0x76, 0x76, 0x74, 0x6c, 0x57, 0x3b, 0x1b, 0x24, 0x3b, 0x58, 0x6d, 0x8a, 0x99,
     0x9b, 0x9b, 0x97, 0x89, 0x6c, 0x4b, 0x28, 0x3b, 0x57, 0x6d, 0x8a, 0x99, 0xb4, 0xe4, 0xe4, 0xad, 0x97, 0x74, 0x57, 0x3b, 0x4b, 0x6c, 0x89, 0x99, 0xb4, 0xe4, 0xf3, 0xe4, 0xc4, 0x9b,
     0x89, 0x6c, 0x4b, 0x51, 0x75, 0x98, 0xb0, 0xe4, 0xf3, 0xe4, 0xf3, 0xe4, 0xaf, 0x97, 0x75, 0x51, 0x52, 0x76, 0x9b, 0xc7, 0xe5, 0xe4, 0xbc, 0xe4, 0xe4, 0xbf, 0x9b, 0x76, 0x52, 0x51,
     0x75, 0x99, 0xb2, 0xd0, 0xb8, 0x9b, 0xb8, 0xcb, 0xaf, 0x97, 0x75, 0x51, 0x4b, 0x6d, 0x8a, 0x99, 0x9b, 0x9a, 0x8b, 0x9a, 0x9b, 0x97, 0x89, 0x6c, 0x4b, 0x3b, 0x57, 0x6d, 0x75, 0x76,
     0x76, 0x6d, 0x76, 0x76, 0x75, 0x6c, 0x57, 0x3b, 0x24, 0x3b, 0x4b, 0x51, 0x52, 0x52, 0x4c, 0x52, 0x52, 0x51, 0x4b, 0x3b, 0x24,  0x0,  0x8, 0x24, 0x3b, 0x4b, 0x50, 0x52, 0x52, 0x51,
     0x4b, 0x3b, 0x24,  0x9,  0x0,  0x0,  0x0,  0x0, 0x1b, 0x3b, 0x57, 0x6c, 0x74, 0x76, 0x76, 0x75, 0x6c, 0x57, 0x3c, 0x25,  0x9,  0x0,  0x0,  0x5, 0x28, 0x4b, 0x6c, 0x89, 0x97, 0x9a,
     0x9a, 0x97, 0x89, 0x6e, 0x58, 0x3c, 0x24,  0x8,  0x0,  0x8, 0x2c, 0x50, 0x74, 0x97, 0xad, 0xb7, 0xb9, 0xaf, 0x9a, 0x8b, 0x6e, 0x57, 0x3b, 0x1b,  0x0, 0x1b, 0x3b, 0x57, 0x76, 0x9b,
     0xc1, 0xe4, 0xe4, 0xd0, 0xb9, 0x9a, 0x89, 0x6c, 0x4b, 0x28,  0x5, 0x28, 0x4b, 0x6c, 0x89, 0x9b, 0xe4, 0xcc, 0xb3, 0xd0, 0xd0, 0xad, 0x97, 0x74, 0x50, 0x2c,  0x8, 0x2c, 0x51, 0x74,
     0x97, 0xae, 0xe4, 0xc2, 0xaf, 0xd0, 0xcb, 0x9b, 0x89, 0x6c, 0x4b, 0x28,  0x5, 0x28, 0x4b, 0x6c, 0x89, 0x9b, 0xd0, 0xc1, 0xc3, 0xe4, 0xbc, 0x9b, 0x76, 0x57, 0x3b, 0x24,  0x8, 0x29,
     0x4b, 0x6d, 0x8a, 0x9b, 0xca, 0xe4, 0xe4, 0xce, 0xae, 0x97, 0x75, 0x6c, 0x57, 0x3b, 0x1c, 0x3b, 0x57, 0x75, 0x99, 0xb3, 0xe4, 0xe4, 0xcb, 0xe4, 0xae, 0x9a, 0x97, 0x89, 0x6c, 0x4b,
     0x28, 0x4b, 0x6c, 0x89, 0x9b, 0xc6, 0xe4, 0xb7, 0xbb, 0xe4, 0xb5, 0xb9, 0xaf, 0x97, 0x75, 0x51, 0x2d, 0x51, 0x74, 0x97, 0xae, 0xe4, 0xc3, 0x9b, 0xbd, 0xe4, 0xe4, 0xe4, 0xba, 0x9a,
     0x76, 0x52, 0x2d, 0x51, 0x74, 0x97, 0xad, 0xcc, 0xca, 0xb3, 0xc9, 0xe5, 0xe4, 0xbf, 0xae, 0x97, 0x74, 0x51, 0x2d, 0x4b, 0x6c, 0x89, 0x9a, 0xb7, 0xd0, 0xe4, 0xe4, 0xe5, 0xc9, 0x9b,
     0x97, 0x89, 0x6c, 0x4b, 0x28, 0x3b, 0x57, 0x6d, 0x8b, 0x9a, 0xaf, 0xbc, 0xc0, 0xcb, 0xe4, 0xb0, 0x98, 0x75, 0x57, 0x3b, 0x1b, 0x24, 0x3c, 0x58, 0x6d, 0x89, 0x98, 0x9b, 0x9b, 0xb2,
     0xbf, 0xae, 0x97, 0x74, 0x51, 0x2d,  0x8,  0x9, 0x24, 0x3c, 0x57, 0x6c, 0x75, 0x76, 0x8a, 0x99, 0x9b, 0x97, 0x89, 0x6c, 0x4b, 0x28,  0x5,  0x0,  0x9, 0x24, 0x3b, 0x4b, 0x51, 0x57,
     0x6d, 0x75, 0x76, 0x74, 0x6c, 0x57, 0x3b, 0x1b,  0x0,  0x0,  0x0,  0x8, 0x1c, 0x28, 0x2d, 0x3b, 0x4b, 0x51, 0x52, 0x51, 0x4b, 0x3b, 0x24,  0x8,  0x0,  0x0,  0x8, 0x24, 0x3b, 0x4b,
     0x51, 0x51, 0x51, 0x51, 0x51, 0x4b, 0x3b, 0x24,  0x8,  0x0,  0x0, 0x1c, 0x3b, 0x57, 0x6c, 0x75, 0x75, 0x75, 0x75, 0x75, 0x6c, 0x57, 0x3b, 0x1c,  0x0,  0x9, 0x28, 0x4b, 0x6c, 0x89,
     0x98, 0x99, 0x99, 0x97, 0x97, 0x89, 0x6c, 0x4b, 0x28,  0x9, 0x1c, 0x3b, 0x57, 0x75, 0x98, 0xb0, 0xb3, 0xb2, 0xaf, 0xaf, 0x97, 0x75, 0x57, 0x3b, 0x1c, 0x28, 0x4b, 0x6d, 0x8a, 0x98,
     0xae, 0xad, 0xc0, 0xb1, 0xaf, 0x98, 0x8a, 0x6c, 0x4b, 0x28, 0x2d, 0x51, 0x75, 0x98, 0xb1, 0xb8, 0xc0, 0xe4, 0xb6, 0xb8, 0xb0, 0x98, 0x75, 0x51, 0x2d, 0x2d, 0x51, 0x75, 0x98, 0xb0,
     0xc9, 0xe4, 0xe4, 0xc1, 0xc5, 0xb5, 0x99, 0x76, 0x52, 0x2d, 0x2d, 0x51, 0x74, 0x97, 0xae, 0xb2, 0xbd, 0xb6, 0xbb, 0xb7, 0x9a, 0x8b, 0x6d, 0x4c, 0x29, 0x28, 0x4b, 0x6c, 0x89, 0x99,
     0xb2, 0xb6, 0xbf, 0xb4, 0xb2, 0x99, 0x75, 0x58, 0x3c, 0x1c, 0x1b, 0x3b, 0x57, 0x6d, 0x8a, 0x99, 0xaf, 0xb5, 0x99, 0x99, 0x8a, 0x6d, 0x4b, 0x28,  0x9,  0x8, 0x24, 0x3b, 0x57, 0x6d,
     0x89, 0x97, 0x99, 0x8b, 0x75, 0x6d, 0x57, 0x3b, 0x1c,  0x0,  0x0,  0x9, 0x24, 0x3b, 0x57, 0x6c, 0x75, 0x76, 0x6d, 0x58, 0x4b, 0x3b, 0x24,  0x9,  0x0,  0x0,  0x0,  0x9, 0x24, 0x3b,
     0x4b, 0x51, 0x52, 0x4c, 0x3c, 0x28, 0x1c,  0x9,  0x0,  0x0,  0x0,  0x0,  0x9, 0x25, 0x3c, 0x4c, 0x52, 0x52, 0x52, 0x4c, 0x3c, 0x24,  0x9,  0x0,  0x9, 0x25, 0x3c, 0x58, 0x6e, 0x76,
     0x76, 0x76, 0x6d, 0x58, 0x3c, 0x1c,  0x0, 0x1c, 0x3c, 0x58, 0x6e, 0x8c, 0x9b, 0x9b, 0x9a, 0x8b, 0x6d, 0x4c, 0x29,  0x9, 0x29, 0x4c, 0x6e, 0x8b, 0x9b, 0xc2, 0xe4, 0xb6, 0x9a, 0x76,
     0x52, 0x2d, 0x1c, 0x3b, 0x57, 0x76, 0x9a, 0xba, 0xe4, 0xe4, 0xb4, 0x99, 0x76, 0x51, 0x2d, 0x28, 0x4b, 0x6d, 0x8a, 0x9b, 0xe4, 0xf3, 0xe4, 0x9b, 0x8b, 0x6d, 0x4c, 0x29, 0x2d, 0x51,
     0x75, 0x99, 0xb2, 0xe4, 0xe4, 0xbf, 0x9b, 0x76, 0x58, 0x3b, 0x1c, 0x2e, 0x52, 0x76, 0x9b, 0xbe, 0xe4, 0xe4, 0xaf, 0x97, 0x75, 0x51, 0x2d,  0x9, 0x2e, 0x52, 0x76, 0x9b, 0xc1, 0xe4,
     0xe4, 0x9b, 0x89, 0x6c, 0x4b, 0x28,  0x5, 0x2e, 0x52, 0x76, 0x9b, 0xc0, 0xe4, 0xce, 0x9b, 0x76, 0x57, 0x3b, 0x1c,  0x0, 0x2e, 0x52, 0x76, 0x9b, 0xbf, 0xe4, 0xd0, 0x9b, 0x89, 0x6c,
     0x4b, 0x28,  0x5, 0x2d, 0x51, 0x76, 0x99, 0xb5, 0xe4, 0xe4, 0xae, 0x97, 0x74, 0x51, 0x2d,  0x8, 0x29, 0x4c, 0x6d, 0x8b, 0x9b, 0xe4, 0xe4, 0xb9, 0x9a, 0x76, 0x52, 0x2d,  0x9, 0x1c,
     0x3b, 0x58, 0x76, 0x9b, 0xc2, 0xe4, 0xae, 0x97, 0x74, 0x51, 0x2d,  0x8,  0x9, 0x29, 0x4c, 0x6e, 0x8c, 0x9b, 0x9b, 0x97, 0x89, 0x6c, 0x4b, 0x28,  0x5,  0x0, 0x1c, 0x3c, 0x58, 0x6e,
     0x76, 0x76, 0x74, 0x6c, 0x57, 0x3b, 0x1b,  0x0,  0x0,  0x9, 0x25, 0x3c, 0x4c, 0x52, 0x52, 0x51, 0x4b, 0x3b, 0x24,  0x8,  0x0,  0x0,  0x9, 0x25, 0x3c, 0x4c, 0x52, 0x52, 0x4c, 0x3c,
     0x25,  0x9,  0x0,  0x0, 0x1c, 0x3c, 0x58, 0x6e, 0x76, 0x76, 0x6e, 0x58, 0x3c, 0x25,  0x9,  0x6, 0x29, 0x4c, 0x6e, 0x8c, 0x9b, 0x9b, 0x8c, 0x6e, 0x58, 0x3c, 0x1c,  0x9, 0x2e, 0x52,
     0x76, 0x9b, 0xe4, 0xce, 0x9b, 0x8c, 0x6e, 0x4c, 0x29,  0x9, 0x2e, 0x52, 0x76, 0x9b, 0xe4, 0xe4, 0xbc, 0x9b, 0x76, 0x52, 0x2d,  0x9, 0x2e, 0x52, 0x76, 0x9b, 0xce, 0xe5, 0xc9, 0x9b,
     0x76, 0x52, 0x2e,  0x9, 0x2e, 0x52, 0x76, 0x9b, 0xc9, 0xe5, 0xd0, 0x9b, 0x76, 0x52, 0x2e,  0x9, 0x2e, 0x52, 0x76, 0x9b, 0xc6, 0xe4, 0xe4, 0x9b, 0x76, 0x52, 0x2e, 0x1c, 0x3b, 0x57,
     0x76, 0x9b, 0xc7, 0xe5, 0xce, 0x9b, 0x76, 0x52, 0x2e, 0x28, 0x4b, 0x6c, 0x89, 0x9b, 0xce, 0xe5, 0xc9, 0x9b, 0x76, 0x52, 0x2e, 0x2d, 0x51, 0x75, 0x97, 0xaf, 0xe4, 0xe4, 0xb9, 0x9a,
     0x76, 0x52, 0x2d, 0x2e, 0x52, 0x76, 0x9b, 0xc7, 0xe5, 0xe4, 0x9b, 0x8b, 0x6e, 0x4c, 0x29, 0x2e, 0x52, 0x76, 0x9b, 0xe4, 0xe4, 0xc3, 0x9b, 0x76, 0x58, 0x3c, 0x1c, 0x2e, 0x52, 0x76,
     0x9b, 0xc0, 0xcc, 0xae, 0x97, 0x74, 0x51, 0x2c,  0x9, 0x29, 0x4c, 0x6e, 0x8c, 0x9b, 0x9b, 0x97, 0x89, 0x6c, 0x4b, 0x28,  0x5, 0x1c, 0x3c, 0x58, 0x6e, 0x76, 0x76, 0x74, 0x6c, 0x57,
     0x3b, 0x1b,  0x0,  0x9, 0x25, 0x3c, 0x4c, 0x52, 0x52, 0x51, 0x4b, 0x3b, 0x24,  0x8,  0x0,  0x0,  0x9, 0x24, 0x3c, 0x4c, 0x52, 0x52, 0x52, 0x4c, 0x3c, 0x24,  0x9,  0x9, 0x24, 0x3c,
     0x58, 0x6d, 0x76, 0x76, 0x76, 0x6d, 0x58, 0x3c, 0x1c, 0x24, 0x3b, 0x58, 0x6d, 0x8b, 0x9a, 0x9b, 0x9a, 0x8b, 0x6d, 0x4c, 0x29, 0x3b, 0x57, 0x6d, 0x8a, 0x9a, 0xb6, 0xc6, 0xb7, 0x9a,
     0x76, 0x52, 0x2d, 0x4b, 0x6c, 0x89, 0x99, 0xb4, 0xe4, 0xe4, 0xc8, 0x9b, 0x76, 0x52, 0x2e, 0x50, 0x74, 0x97, 0xad, 0xcb, 0xe5, 0xe5, 0xca, 0x9b, 0x76, 0x52, 0x2e, 0x51, 0x74, 0x97,
     0xad, 0xcd, 0xe4, 0xe6, 0xcc, 0x9b, 0x76, 0x52, 0x2e, 0x4b, 0x6c, 0x89, 0x97, 0xae, 0xc3, 0xe4, 0xcd, 0x9b, 0x76, 0x52, 0x2e, 0x3b, 0x57, 0x6c, 0x89, 0x9b, 0xc0, 0xe4, 0xcd, 0x9b,
     0x76, 0x52, 0x2e, 0x24, 0x3b, 0x57, 0x76, 0x9b, 0xc1, 0xe4, 0xce, 0x9b, 0x76, 0x52, 0x2e,  0x9, 0x2e, 0x52, 0x76, 0x9b, 0xc3, 0xe4, 0xce, 0x9b, 0x76, 0x52, 0x2e,  0x9, 0x2e, 0x52,
     0x76, 0x9b, 0xc4, 0xe4, 0xce, 0x9b, 0x76, 0x52, 0x2e,  0x9, 0x2e, 0x52, 0x76, 0x9b, 0xc5, 0xe4, 0xce, 0x9b, 0x76, 0x52, 0x2e,  0x9, 0x2e, 0x52, 0x76, 0x9b, 0xc4, 0xe4, 0xcb, 0x9b,
     0x76, 0x52, 0x2e,  0x9, 0x2d, 0x52, 0x76, 0x9a, 0xba, 0xc9, 0xbb, 0x9b, 0x76, 0x52, 0x2d,  0x5, 0x29, 0x4c, 0x6e, 0x8b, 0x9a, 0x9b, 0x9b, 0x8c, 0x6e, 0x4c, 0x29,  0x0, 0x1c, 0x3c,
     0x58, 0x6e, 0x76, 0x76, 0x76, 0x6e, 0x58, 0x3c, 0x1c,  0x0,  0x9, 0x25, 0x3c, 0x4c, 0x52, 0x52, 0x52, 0x4c, 0x3c, 0x25,  0x9,  0x0,  0x0,  0x9, 0x24, 0x3b, 0x4b, 0x51, 0x52, 0x52,
     0x51, 0x4b, 0x3b, 0x24,  0x8,  0x0,  0x0,  0x0,  0x9, 0x25, 0x3c, 0x58, 0x6d, 0x75, 0x76, 0x76, 0x75, 0x6c, 0x57, 0x3b, 0x24,  0x8,  0x0,  0x9, 0x25, 0x3c, 0x58, 0x6e, 0x8a, 0x99,
     0x9b, 0x9b, 0x98, 0x89, 0x6c, 0x57, 0x3b, 0x1c,  0x0, 0x1c, 0x3c, 0x58, 0x6e, 0x8c, 0x9b, 0xb3, 0xc1, 0xbc, 0xb0, 0x98, 0x89, 0x6c, 0x4b, 0x28,  0x5, 0x29, 0x4c, 0x6e, 0x8b, 0x9b,
     0xc0, 0xe4, 0xe4, 0xe4, 0xd0, 0xb0, 0x98, 0x75, 0x51, 0x2d,  0x8, 0x2d, 0x52, 0x76, 0x9a, 0xba, 0xe4, 0xe4, 0xcc, 0xe5, 0xe4, 0xba, 0x9a, 0x76, 0x52, 0x2d,  0x9, 0x2e, 0x52, 0x76,
     0x9b, 0xc0, 0xe4, 0xc4, 0xae, 0xca, 0xe4, 0xbd, 0x9b, 0x76, 0x52, 0x2e,  0x9, 0x2d, 0x51, 0x75, 0x98, 0xb1, 0xb8, 0xad, 0xb4, 0xe4, 0xe4, 0xb8, 0x9a, 0x76, 0x52, 0x2d,  0x9, 0x28,
     0x4b, 0x6c, 0x8a, 0x98, 0x9a, 0xaf, 0xcb, 0xe6, 0xcc, 0xad, 0x97, 0x74, 0x51, 0x2c,  0x8, 0x28, 0x4b, 0x6c, 0x89, 0x97, 0xae, 0xc6, 0xe4, 0xe4, 0xb6, 0x9a, 0x89, 0x6c, 0x4b, 0x28,
      0x5, 0x3b, 0x57, 0x74, 0x97, 0xad, 0xc4, 0xe4, 0xe4, 0xbd, 0x9b, 0x8b, 0x6d, 0x58, 0x3c, 0x24,  0x8, 0x4b, 0x6c, 0x89, 0x9b, 0xbe, 0xe4, 0xe4, 0xc3, 0x9b, 0x9b, 0x9a, 0x8b, 0x6d,
     0x57, 0x3b, 0x1b, 0x51, 0x74, 0x97, 0xae, 0xe4, 0xf3, 0xe4, 0xc4, 0xc6, 0xc3, 0xb8, 0x9a, 0x89, 0x6c, 0x4b, 0x28, 0x51, 0x74, 0x97, 0xae, 0xe4, 0xe5, 0xe5, 0xe4, 0xe4, 0xe4, 0xe4,
     0xaf, 0x97, 0x75, 0x51, 0x2d, 0x4b, 0x6c, 0x89, 0x9b, 0xc2, 0xcb, 0xc9, 0xc7, 0xc5, 0xc3, 0xbe, 0x9b, 0x89, 0x6c, 0x4b, 0x28, 0x3b, 0x57, 0x6e, 0x8c, 0x9b, 0x9b, 0x9b, 0x9b, 0x9b,
     0x9b, 0x9b, 0x8c, 0x6e, 0x57, 0x3b, 0x1b, 0x24, 0x3c, 0x58, 0x6e, 0x76, 0x76, 0x76, 0x76, 0x76, 0x76, 0x76, 0x6e, 0x58, 0x3c, 0x24,  0x8,  0x9, 0x25, 0x3c, 0x4c, 0x52, 0x52, 0x52,
     0x52, 0x52, 0x52, 0x52, 0x4c, 0x3c, 0x25,  0x9,  0x0,  0x8, 0x24, 0x3b, 0x4b, 0x51, 0x52, 0x52, 0x52, 0x51, 0x4b, 0x3b, 0x24,  0x9,  0x0,  0x0, 0x24, 0x3b, 0x57, 0x6c, 0x74, 0x76,
     0x76, 0x76, 0x75, 0x6c, 0x57, 0x3b, 0x24,  0x9,  0x0, 0x3b, 0x57, 0x6c, 0x89, 0x97, 0x9a, 0x9b, 0x9b, 0x98, 0x89, 0x6d, 0x57, 0x3b, 0x1c,  0x0, 0x4b, 0x6c, 0x89, 0x97, 0xad, 0xb9,
     0xc0, 0xbe, 0xb0, 0x98, 0x8a, 0x6d, 0x4b, 0x28,  0x5, 0x50, 0x74, 0x97, 0xad, 0xc7, 0xe4, 0xe4, 0xe4, 0xcd, 0xb1, 0x98, 0x75, 0x51, 0x2d,  0x9, 0x51, 0x75, 0x97, 0xaf, 0xcd, 0xbb,
     0xb1, 0xc5, 0xe4, 0xc1, 0x9b, 0x76, 0x52, 0x2e,  0x9, 0x4b, 0x6c, 0x89, 0x97, 0x9b, 0x9b, 0x99, 0xb4, 0xe4, 0xc8, 0x9b, 0x76, 0x52, 0x2e,  0x9, 0x3b, 0x57, 0x6c, 0x75, 0x89, 0x99,
     0xb3, 0xc2, 0xe4, 0xbd, 0x9b, 0x76, 0x57, 0x3b, 0x1b, 0x24, 0x3b, 0x51, 0x74, 0x97, 0xae, 0xe4, 0xe4, 0xe4, 0xb5, 0x99, 0x89, 0x6c, 0x4b, 0x28,  0x8, 0x28, 0x4b, 0x6c, 0x89, 0x9b,
     0xbc, 0xc7, 0xe4, 0xca, 0xad, 0x97, 0x74, 0x50, 0x2c, 0x24, 0x3b, 0x4b, 0x57, 0x6e, 0x8c, 0x9b, 0xae, 0xce, 0xe4, 0xb1, 0x98, 0x75, 0x51, 0x2d, 0x3b, 0x57, 0x6c, 0x74, 0x76, 0x76,
     0x8c, 0x9b, 0xcd, 0xe4, 0xb3, 0x99, 0x75, 0x51, 0x2d, 0x4b, 0x6c, 0x89, 0x97, 0x9b, 0x9b, 0x9b, 0xbc, 0xe4, 0xce, 0xad, 0x97, 0x74, 0x50, 0x2c, 0x51, 0x74, 0x97, 0xad, 0xcb, 0xcb,
     0xcb, 0xe4, 0xe4, 0xbf, 0x9b, 0x89, 0x6c, 0x4b, 0x28, 0x4b, 0x6c, 0x89, 0x9a, 0xb9, 0xc5, 0xc9, 0xc6, 0xb9, 0xad, 0x97, 0x74, 0x57, 0x3b, 0x1b, 0x3b, 0x57, 0x6e, 0x8b, 0x9a, 0x9b,
     0x9b, 0x9b, 0x9a, 0x97, 0x89, 0x6c, 0x4b, 0x28,  0x8, 0x24, 0x3c, 0x58, 0x6e, 0x76, 0x76, 0x76, 0x76, 0x76, 0x74, 0x6c, 0x57, 0x3b, 0x1b,  0x0,  0x9, 0x25, 0x3c, 0x4c, 0x52, 0x52,
     0x52, 0x52, 0x52, 0x51, 0x4b, 0x3b, 0x24,  0x8,  0x0,  0x0,  0x0,  0x0,  0x9, 0x24, 0x3c, 0x4c, 0x52, 0x52, 0x51, 0x4b, 0x3b, 0x24,  0x9,  0x0,  0x0,  0x0,  0x9, 0x24, 0x3c, 0x58,
     0x6d, 0x76, 0x76, 0x75, 0x6d, 0x58, 0x3b, 0x1c,  0x0,  0x0,  0x0, 0x1c, 0x3b, 0x57, 0x6d, 0x8b, 0x9a, 0x9b, 0x99, 0x8a, 0x6d, 0x4b, 0x29,  0x5,  0x0,  0x9, 0x29, 0x4b, 0x6d, 0x8a,
     0x9a, 0xb7, 0xc3, 0xb3, 0x99, 0x75, 0x51, 0x2d,  0x9,  0x8, 0x24, 0x3c, 0x58, 0x75, 0x99, 0xb3, 0xe4, 0xe4, 0xc4, 0x9b, 0x76, 0x52, 0x2e,  0x9, 0x1b, 0x3b, 0x57, 0x6d, 0x8b, 0x9b,
     0xc7, 0xe5, 0xe4, 0xc7, 0x9b, 0x76, 0x52, 0x2e,  0x9, 0x28, 0x4b, 0x6c, 0x89, 0x9a, 0xb8, 0xe4, 0xe4, 0xe5, 0xc8, 0x9b, 0x76, 0x52, 0x2e,  0x9, 0x3b, 0x57, 0x74, 0x97, 0xae, 0xcd,
     0xe4, 0xc6, 0xe4, 0xca, 0x9b, 0x76, 0x58, 0x3c, 0x1c, 0x4b, 0x6c, 0x89, 0x9b, 0xbd, 0xe4, 0xc7, 0xb9, 0xe4, 0xcb, 0x9b, 0x8c, 0x6e, 0x4c, 0x29, 0x51, 0x74, 0x97, 0xad, 0xd0, 0xe5,
     0xca, 0xca, 0xe5, 0xe4, 0xbb, 0x9b, 0x76, 0x52, 0x2d, 0x51, 0x74, 0x97, 0xae, 0xe4, 0xe4, 0xe4, 0xe5, 0xf4, 0xe6, 0xce, 0x9b, 0x76, 0x52, 0x2e, 0x4b, 0x6c, 0x89, 0x9a, 0xb8, 0xbd,
     0xba, 0xcc, 0xe6, 0xcd, 0xb1, 0x98, 0x75, 0x51, 0x2d, 0x3b, 0x57, 0x6e, 0x8b, 0x9a, 0x9b, 0x9b, 0xc8, 0xe5, 0xcb, 0x9b, 0x8a, 0x6c, 0x4b, 0x28, 0x24, 0x3c, 0x58, 0x6e, 0x76, 0x76,
     0x9b, 0xc6, 0xe4, 0xc8, 0x9b, 0x76, 0x57, 0x3b, 0x1c,  0x9, 0x25, 0x3c, 0x4c, 0x52, 0x76, 0x9b, 0xbc, 0xce, 0xb9, 0x9a, 0x76, 0x52, 0x2d,  0x9,  0x0,  0x9, 0x1c, 0x29, 0x4c, 0x6e,
     0x8c, 0x9b, 0x9b, 0x9a, 0x8b, 0x6e, 0x4c, 0x29,  0x5,  0x0,  0x0,  0x0, 0x1c, 0x3c, 0x58, 0x6e, 0x76, 0x76, 0x76, 0x6e, 0x58, 0x3c, 0x1c,  0x0,  0x0,  0x0,  0x0,  0x9, 0x25, 0x3c,
     0x4c, 0x52, 0x52, 0x52, 0x4c, 0x3c, 0x25,  0x9,  0x0,  0x9, 0x24, 0x3b, 0x4b, 0x51, 0x52, 0x52, 0x52, 0x52, 0x52, 0x51, 0x4b, 0x3b, 0x24,  0x9, 0x1c, 0x3b, 0x58, 0x6d, 0x75, 0x76,
     0x76, 0x76, 0x76, 0x76, 0x75, 0x6d, 0x57, 0x3b, 0x1c, 0x29, 0x4b, 0x6d, 0x8a, 0x99, 0x9b, 0x9b, 0x9b, 0x9b, 0x9b, 0x98, 0x8a, 0x6d, 0x4b, 0x28, 0x2d, 0x51, 0x75, 0x99, 0xb4, 0xba,
     0xbd, 0xbf, 0xbf, 0xbe, 0xb1, 0x98, 0x75, 0x51, 0x2d, 0x2e, 0x52, 0x76, 0x9b, 0xd0, 0xe4, 0xe4, 0xe4, 0xe4, 0xe4, 0xc3, 0x9b, 0x76, 0x52, 0x2e, 0x2e, 0x52, 0x76, 0x9b, 0xd0, 0xe5,
     0xc7, 0xb5, 0xb5, 0xb6, 0xb1, 0x98, 0x75, 0x51, 0x2d, 0x2e, 0x52, 0x76, 0x9b, 0xd0, 0xe4, 0xc3, 0x9b, 0x99, 0x9a, 0x98, 0x8a, 0x6c, 0x4b, 0x28, 0x2e, 0x52, 0x76, 0x9b, 0xcd, 0xe5,
     0xc7, 0xae, 0x9b, 0x99, 0x8a, 0x6d, 0x57, 0x3b, 0x1c, 0x2e, 0x52, 0x76, 0x9b, 0xc9, 0xe5, 0xe5, 0xe4, 0xc6, 0xb3, 0x99, 0x89, 0x6c, 0x4b, 0x28, 0x2d, 0x52, 0x76, 0x9a, 0xb8, 0xc8,
     0xce, 0xe4, 0xe4, 0xd0, 0xb0, 0x98, 0x75, 0x51, 0x2d, 0x29, 0x4c, 0x6d, 0x8b, 0x9a, 0x9b, 0x9b, 0xb7, 0xe4, 0xe4, 0xb4, 0x99, 0x76, 0x51, 0x2d, 0x3b, 0x57, 0x6d, 0x8a, 0x99, 0x99,
     0x9b, 0xb6, 0xe4, 0xce, 0xad, 0x97, 0x74, 0x51, 0x2c, 0x4b, 0x6c, 0x89, 0x99, 0xb3, 0xb3, 0xbe, 0xd0, 0xe4, 0xc0, 0x9b, 0x89, 0x6c, 0x4b, 0x28, 0x51, 0x75, 0x97, 0xaf, 0xe4, 0xe4,
     0xe4, 0xe4, 0xc5, 0xae, 0x97, 0x74, 0x57, 0x3b, 0x1b, 0x4b, 0x6c, 0x89, 0x9a, 0xb9, 0xc5, 0xc8, 0xbf, 0xad, 0x97, 0x89, 0x6c, 0x4b, 0x28,  0x8, 0x3b, 0x57, 0x6e, 0x8b, 0x9a, 0x9b,
     0x9b, 0x9b, 0x97, 0x89, 0x6c, 0x57, 0x3b, 0x1b,  0x0, 0x24, 0x3c, 0x58, 0x6e, 0x76, 0x76, 0x76, 0x76, 0x74, 0x6c, 0x57, 0x3b, 0x24,  0x8,  0x0,  0x9, 0x25, 0x3c, 0x4c, 0x52, 0x52,
     0x52, 0x52, 0x51, 0x4b, 0x3b, 0x24,  0x8,  0x0,  0x0,  0x0,  0x8, 0x1b, 0x28, 0x3b, 0x4b, 0x51, 0x52, 0x51, 0x4b, 0x3b, 0x24,  0x9,  0x0,  0x8, 0x24, 0x3b, 0x4b, 0x57, 0x6c, 0x75,
     0x76, 0x75, 0x6c, 0x57, 0x3b, 0x24,  0x9, 0x1b, 0x3b, 0x57, 0x6c, 0x74, 0x8a, 0x98, 0x9a, 0x97, 0x89, 0x6c, 0x57, 0x3b, 0x1c, 0x28, 0x4b, 0x6c, 0x89, 0x97, 0x9b, 0xb0, 0xb6, 0xaf,
     0x98, 0x8a, 0x6c, 0x4b, 0x28, 0x2c, 0x51, 0x74, 0x97, 0xad, 0xbc, 0xe4, 0xe4, 0xe4, 0xb0, 0x98, 0x75, 0x51, 0x2d, 0x3b, 0x57, 0x76, 0x9a, 0xb9, 0xe4, 0xe6, 0xe4, 0xc3, 0xae, 0x97,
     0x74, 0x51, 0x2d, 0x4b, 0x6c, 0x89, 0x9b, 0xca, 0xe5, 0xcd, 0xb2, 0x9b, 0x97, 0x89, 0x6c, 0x4b, 0x28, 0x51, 0x74, 0x97, 0xae, 0xe4, 0xe4, 0xc1, 0xb3, 0xae, 0x97, 0x89, 0x6c, 0x4b,
     0x28, 0x51, 0x75, 0x98, 0xaf, 0xe4, 0xf3, 0xe4, 0xe4, 0xc7, 0xae, 0x97, 0x74, 0x51, 0x2d, 0x51, 0x75, 0x98, 0xb0, 0xe4, 0xe6, 0xcc, 0xc8, 0xe4, 0xb7, 0x9a, 0x76, 0x52, 0x2d, 0x51,
     0x75, 0x97, 0xaf, 0xe4, 0xe4, 0xbe, 0xb4, 0xe4, 0xbd, 0x9b, 0x76, 0x52, 0x2e, 0x4b, 0x6c, 0x89, 0x9b, 0xcd, 0xe4, 0xc1, 0xb0, 0xe4, 0xbe, 0x9b, 0x76, 0x52, 0x2e, 0x3b, 0x57, 0x76,
     0x9b, 0xc1, 0xe4, 0xcd, 0xbc, 0xe4, 0xb5, 0x99, 0x76, 0x52, 0x2d, 0x2d, 0x51, 0x75, 0x99, 0xb3, 0xd0, 0xe5, 0xe4, 0xe4, 0xae, 0x97, 0x74, 0x51, 0x2d, 0x29, 0x4b, 0x6d, 0x8a, 0x99,
     0xb4, 0xc7, 0xc7, 0xb4, 0x99, 0x89, 0x6c, 0x4b, 0x28, 0x1c, 0x3b, 0x57, 0x6d, 0x8b, 0x99, 0x9b, 0x9b, 0x99, 0x8b, 0x6d, 0x57, 0x3b, 0x1b,  0x9, 0x24, 0x3b, 0x58, 0x6d, 0x76, 0x76,
     0x76, 0x76, 0x6d, 0x58, 0x3b, 0x24,  0x8,  0x0,  0x9, 0x24, 0x3b, 0x4c, 0x51, 0x52, 0x52, 0x51, 0x4c, 0x3b, 0x24,  0x9,  0x0,  0x9, 0x25, 0x3c, 0x4c, 0x52, 0x52, 0x52, 0x52, 0x52,
     0x52, 0x51, 0x4b, 0x3b, 0x24,  0x9, 0x24, 0x3c, 0x58, 0x6e, 0x76, 0x76, 0x76, 0x76, 0x76, 0x76, 0x75, 0x6d, 0x57, 0x3b, 0x1c, 0x3b, 0x57, 0x6e, 0x8b, 0x9a, 0x9b, 0x9b, 0x9b, 0x9b,
     0x9b, 0x98, 0x8a, 0x6d, 0x4b, 0x28, 0x4b, 0x6c, 0x89, 0x9a, 0xba, 0xc1, 0xc1, 0xc1, 0xc0, 0xbc, 0xb1, 0x98, 0x75, 0x51, 0x2d, 0x51, 0x74, 0x97, 0xae, 0xe4, 0xe4, 0xe4, 0xe4, 0xe4,
     0xe4, 0xc0, 0x9b, 0x76, 0x52, 0x2e, 0x4b, 0x6c, 0x89, 0x9b, 0xbb, 0xbe, 0xbd, 0xc1, 0xe4, 0xe4, 0xbb, 0x9b, 0x76, 0x52, 0x2d, 0x3b, 0x57, 0x6e, 0x8c, 0x9b, 0x9b, 0x9b, 0xb9, 0xe4,
     0xe4, 0xb3, 0x99, 0x75, 0x51, 0x2d, 0x24, 0x3c, 0x58, 0x6e, 0x76, 0x89, 0x9b, 0xc1, 0xe4, 0xd0, 0xad, 0x97, 0x74, 0x50, 0x2c,  0x9, 0x25, 0x3c, 0x51, 0x74, 0x97, 0xad, 0xce, 0xe4,
     0xc4, 0x9b, 0x89, 0x6c, 0x4b, 0x28,  0x0, 0x1b, 0x3b, 0x57, 0x76, 0x99, 0xb4, 0xe4, 0xe4, 0xba, 0x9a, 0x76, 0x57, 0x3b, 0x1b,  0x5, 0x28, 0x4b, 0x6c, 0x89, 0x9b, 0xc0, 0xe4, 0xe4,
     0xb1, 0x98, 0x75, 0x51, 0x2d,  0x9,  0x8, 0x2c, 0x50, 0x74, 0x97, 0xad, 0xcd, 0xe5, 0xcb, 0x9b, 0x8a, 0x6d, 0x4b, 0x28,  0x5,  0x9, 0x2d, 0x51, 0x75, 0x99, 0xb3, 0xe4, 0xe4, 0xbf,
     0x9b, 0x76, 0x57, 0x3b, 0x1c,  0x0,  0x9, 0x2d, 0x52, 0x76, 0x9a, 0xba, 0xe4, 0xe4, 0xb5, 0x99, 0x76, 0x51, 0x2d,  0x9,  0x0,  0x9, 0x2d, 0x51, 0x76, 0x99, 0xb5, 0xcc, 0xc1, 0xad,
     0x97, 0x74, 0x51, 0x2c,  0x8,  0x0,  0x5, 0x29, 0x4c, 0x6d, 0x8b, 0x99, 0x9b, 0x9b, 0x97, 0x89, 0x6c, 0x4b, 0x28,  0x5,  0x0,  0x0, 0x1c, 0x3c, 0x58, 0x6d, 0x76, 0x76, 0x76, 0x74,
     0x6c, 0x57, 0x3b, 0x1b,  0x0,  0x0,  0x0,  0x9, 0x24, 0x3c, 0x4c, 0x51, 0x52, 0x52, 0x51, 0x4b, 0x3b, 0x24,  0x8,  0x0,  0x0,  0x8, 0x24, 0x3b, 0x4b, 0x51, 0x52, 0x52, 0x52, 0x52,
     0x4c, 0x3c, 0x25,  0x9,  0x0, 0x1b, 0x3b, 0x57, 0x6c, 0x74, 0x76, 0x76, 0x76, 0x76, 0x6e, 0x58, 0x3c, 0x25,  0x9, 0x28, 0x4b, 0x6c, 0x89, 0x97, 0x9b, 0x9b, 0x9b, 0x9a, 0x8b, 0x6e,
     0x58, 0x3c, 0x1c, 0x2c, 0x51, 0x74, 0x97, 0xae, 0xbf, 0xc9, 0xc8, 0xb9, 0x9b, 0x8c, 0x6e, 0x4c, 0x29, 0x2e, 0x52, 0x76, 0x9b, 0xbd, 0xe4, 0xe4, 0xd0, 0xe4, 0xbe, 0x9b, 0x76, 0x52,
     0x2e, 0x2e, 0x52, 0x76, 0x9b, 0xcb, 0xe4, 0xb3, 0xb5, 0xe4, 0xc4, 0x9b, 0x76, 0x52, 0x2e, 0x2e, 0x52, 0x76, 0x9b, 0xc9, 0xe4, 0xb2, 0xba, 0xe4, 0xbc, 0x9b, 0x76, 0x52, 0x2e, 0x2e,
     0x52, 0x76, 0x9b, 0xc2, 0xe4, 0xbf, 0xc7, 0xe4, 0xb3, 0x99, 0x75, 0x51, 0x2d, 0x2e, 0x52, 0x76, 0x9b, 0xbd, 0xe4, 0xe4, 0xe5, 0xd0, 0x9b, 0x8b, 0x6d, 0x4c, 0x29, 0x3b, 0x57, 0x76,
     0x9b, 0xc4, 0xe4, 0xc0, 0xcd, 0xe4, 0xb4, 0x99, 0x76, 0x51, 0x2d, 0x4b, 0x6c, 0x89, 0x9b, 0xcd, 0xce, 0x9b, 0xb8, 0xe4, 0xc3, 0x9b, 0x76, 0x52, 0x2e, 0x51, 0x75, 0x97, 0xaf, 0xe4,
     0xc8, 0x9b, 0xaf, 0xe4, 0xc9, 0x9b, 0x76, 0x52, 0x2e, 0x51, 0x74, 0x97, 0xae, 0xe4, 0xce, 0xae, 0xae, 0xe4, 0xca, 0x9b, 0x76, 0x52, 0x2e, 0x4b, 0x6c, 0x89, 0x9b, 0xc0, 0xe4, 0xcb,
     0xc6, 0xe4, 0xc6, 0x9b, 0x76, 0x52, 0x2e, 0x3b, 0x57, 0x74, 0x97, 0xae, 0xbc, 0xcd, 0xe4, 0xd0, 0xb6, 0x9a, 0x76, 0x52, 0x2d, 0x28, 0x4b, 0x6c, 0x89, 0x97, 0x9b, 0x9b, 0xaf, 0xad,
     0x9a, 0x8b, 0x6d, 0x4c, 0x29, 0x1b, 0x3b, 0x57, 0x6c, 0x74, 0x76, 0x89, 0x97, 0x97, 0x89, 0x6d, 0x58, 0x3c, 0x1c,  0x8, 0x24, 0x3b, 0x4b, 0x51, 0x57, 0x6c, 0x75, 0x74, 0x6c, 0x57,
     0x3c, 0x24,  0x9,  0x0,  0x8, 0x1b, 0x28, 0x2c, 0x3b, 0x4b, 0x51, 0x50, 0x4b, 0x3b, 0x24,  0x9,  0x0,  0x8, 0x24, 0x3b, 0x4b, 0x51, 0x52, 0x52, 0x52, 0x4c, 0x3c, 0x25,  0x9,  0x0,
      0x0, 0x1b, 0x3b, 0x57, 0x6c, 0x74, 0x76, 0x76, 0x76, 0x6e, 0x58, 0x3c, 0x25,  0x9,  0x0, 0x28, 0x4b, 0x6c, 0x89, 0x97, 0x9b, 0x9b, 0x9a, 0x8b, 0x6e, 0x58, 0x3c, 0x24,  0x8, 0x2c,
     0x51, 0x74, 0x97, 0xad, 0xba, 0xc1, 0xb9, 0x9a, 0x8b, 0x6e, 0x57, 0x3b, 0x1c, 0x3b, 0x57, 0x76, 0x9b, 0xbd, 0xe4, 0xe4, 0xe4, 0xba, 0x9a, 0x89, 0x6c, 0x4b, 0x28, 0x4b, 0x6c, 0x89,
     0x9b, 0xc9, 0xcb, 0xc7, 0xe5, 0xe4, 0xb0, 0x98, 0x75, 0x51, 0x2d, 0x51, 0x74, 0x97, 0xae, 0xe4, 0xbe, 0xb3, 0xe4, 0xe4, 0xba, 0x9a, 0x76, 0x52, 0x2d, 0x51, 0x75, 0x98, 0xb0, 0xe4,
     0xbe, 0xae, 0xe4, 0xe4, 0xbf, 0x9b, 0x76, 0x52, 0x2e, 0x51, 0x74, 0x97, 0xad, 0xe4, 0xca, 0xb8, 0xe4, 0xe4, 0xc2, 0x9b, 0x76, 0x52, 0x2e, 0x4b, 0x6c, 0x89, 0x9b, 0xc1, 0xe4, 0xe4,
     0xf3, 0xe4, 0xc3, 0x9b, 0x76, 0x52, 0x2e, 0x3b, 0x57, 0x74, 0x97, 0xae, 0xbb, 0xba, 0xe4, 0xe4, 0xc0, 0x9b, 0x76, 0x52, 0x2e, 0x28, 0x4b, 0x6c, 0x8a, 0x98, 0x9b, 0xb6, 0xe4, 0xe4,
     0xbc, 0x9b, 0x76, 0x52, 0x2d, 0x2d, 0x51, 0x75, 0x98, 0xb0, 0xbe, 0xe4, 0xf3, 0xe4, 0xb2, 0x99, 0x75, 0x51, 0x2d, 0x2e, 0x52, 0x76, 0x9b, 0xc7, 0xe4, 0xe4, 0xe4, 0xba, 0x9a, 0x8a,
     0x6d, 0x4b, 0x28, 0x2d, 0x51, 0x76, 0x99, 0xb5, 0xc5, 0xc0, 0xb5, 0x9a, 0x8b, 0x6e, 0x57, 0x3b, 0x1c, 0x29, 0x4c, 0x6d, 0x8b, 0x99, 0x9b, 0x9b, 0x99, 0x8b, 0x6e, 0x58, 0x3c, 0x24,
      0x9, 0x1c, 0x3b, 0x58, 0x6d, 0x76, 0x76, 0x76, 0x76, 0x6d, 0x58, 0x3c, 0x25,  0x9,  0x0,  0x9, 0x24, 0x3b, 0x4c, 0x51, 0x52, 0x52, 0x51, 0x4c, 0x3b, 0x24,  0x9,  0x0,  0x0,  0x0,
      0x8, 0x24, 0x3b, 0x4b, 0x51, 0x52, 0x52, 0x52, 0x52, 0x4c, 0x3c, 0x24,  0x9,  0x0,  0x0,  0x8, 0x24, 0x3b, 0x57, 0x6c, 0x75, 0x76, 0x76, 0x76, 0x76, 0x6d, 0x58, 0x3c, 0x24,  0x9,
      0x0, 0x1b, 0x3b, 0x57, 0x6c, 0x89, 0x97, 0x9b, 0x9b, 0x9b, 0x9a, 0x8b, 0x6d, 0x58, 0x3c, 0x1c,  0x0, 0x28, 0x4b, 0x6c, 0x89, 0x97, 0xaf, 0xbf, 0xc8, 0xc3, 0xb6, 0x9a, 0x8b, 0x6d,
     0x4c, 0x29,  0x8, 0x2d, 0x51, 0x74, 0x97, 0xae, 0xcc, 0xe4, 0xe4, 0xe4, 0xe4, 0xb6, 0x9a, 0x76, 0x57, 0x3b, 0x1b, 0x3b, 0x57, 0x76, 0x9b, 0xbd, 0xe4, 0xe4, 0xc5, 0xd0, 0xe4, 0xc7,
     0x9b, 0x89, 0x6c, 0x4b, 0x28, 0x4b, 0x6c, 0x89, 0x9b, 0xca, 0xe4, 0xc5, 0x9b, 0xba, 0xe4, 0xe4, 0xae, 0x97, 0x74, 0x51, 0x2c, 0x51, 0x74, 0x97, 0xae, 0xe4, 0xe4, 0xbd, 0x9b, 0xb2,
     0xe4, 0xe4, 0xb0, 0x98, 0x75, 0x51, 0x2d, 0x51, 0x75, 0x97, 0xaf, 0xe4, 0xe4, 0xb7, 0x9a, 0xaf, 0xe4, 0xe4, 0xb2, 0x98, 0x75, 0x51, 0x2d, 0x51, 0x75, 0x98, 0xb0, 0xe4, 0xe4, 0xb7,
     0x9a, 0xb0, 0xe4, 0xe4, 0xb2, 0x99, 0x75, 0x51, 0x2d, 0x51, 0x75, 0x98, 0xaf, 0xe4, 0xe4, 0xbb, 0x9b, 0xb4, 0xe4, 0xe4, 0xb0, 0x98, 0x75, 0x51, 0x2d, 0x51, 0x74, 0x97, 0xae, 0xe4,
     0xe4, 0xc0, 0x9b, 0xb9, 0xe4, 0xce, 0xad, 0x97, 0x74, 0x50, 0x2c, 0x4b, 0x6c, 0x89, 0x9b, 0xc7, 0xe4, 0xcd, 0xaf, 0xc9, 0xe4, 0xc3, 0x9b, 0x89, 0x6c, 0x4b, 0x28, 0x3b, 0x57, 0x76,
     0x9b, 0xbb, 0xe4, 0xe6, 0xe4, 0xe5, 0xe4, 0xb7, 0x9a, 0x76, 0x57, 0x3b, 0x1b, 0x2c, 0x50, 0x74, 0x97, 0xad, 0xbf, 0xce, 0xe4, 0xcd, 0xbb, 0x9b, 0x8b, 0x6d, 0x4c, 0x29,  0x8, 0x28,
     0x4b, 0x6c, 0x89, 0x97, 0x9b, 0xad, 0xaf, 0x9b, 0x9b, 0x8c, 0x6e, 0x58, 0x3c, 0x1c,  0x0, 0x1b, 0x3b, 0x57, 0x6c, 0x74, 0x89, 0x97, 0x97, 0x89, 0x76, 0x6e, 0x58, 0x3c, 0x24,  0x9,
      0x0,  0x8, 0x24, 0x3b, 0x4b, 0x57, 0x6c, 0x74, 0x75, 0x6c, 0x57, 0x4c, 0x3c, 0x25,  0x9,  0x0,  0x0,  0x0,  0x8, 0x1b, 0x28, 0x3b, 0x4b, 0x50, 0x51, 0x4b, 0x3b, 0x29, 0x1c,  0x9,
      0x0,  0x0,  0x0,  0x0,  0x0,  0x0,  0x9, 0x24, 0x3b, 0x4b, 0x50, 0x52, 0x52, 0x51, 0x4b, 0x3b, 0x24,  0x9,  0x0,  0x8, 0x1c, 0x28, 0x3c, 0x57, 0x6c, 0x74, 0x76, 0x76, 0x75, 0x6d,
     0x57, 0x3b, 0x1c,  0x8, 0x24, 0x3b, 0x4b, 0x58, 0x6d, 0x89, 0x97, 0x9a, 0x9b, 0x98, 0x8a, 0x6d, 0x4b, 0x28, 0x1c, 0x3b, 0x57, 0x6c, 0x75, 0x8b, 0x9a, 0xad, 0xb6, 0xbe, 0xb1, 0x98,
     0x75, 0x51, 0x2d, 0x28, 0x4b, 0x6c, 0x8a, 0x98, 0x9b, 0xb6, 0xca, 0xe4, 0xe4, 0xbb, 0x9b, 0x76, 0x52, 0x2d, 0x2d, 0x51, 0x75, 0x98, 0xb0, 0xc6, 0xe4, 0xe5, 0xe4, 0xbf, 0xae, 0x97,
     0x74, 0x51, 0x2c, 0x2e, 0x52, 0x76, 0x9b, 0xc2, 0xe4, 0xe5, 0xc8, 0xb1, 0x9b, 0x97, 0x89, 0x6c, 0x4b, 0x28, 0x2d, 0x52, 0x76, 0x9a, 0xb5, 0xe4, 0xe6, 0xd0, 0xb8, 0x9b, 0x8c, 0x6e,
     0x58, 0x3b, 0x1c, 0x29, 0x4c, 0x6d, 0x8b, 0x9a, 0xb5, 0xcd, 0xe4, 0xe4, 0xc0, 0x9b, 0x8a, 0x6d, 0x4b, 0x29, 0x1c, 0x3c, 0x58, 0x6d, 0x8b, 0x99, 0xaf, 0xc2, 0xe4, 0xe4, 0xb3, 0x99,
     0x75, 0x51, 0x2d,  0x9, 0x24, 0x3c, 0x58, 0x6d, 0x89, 0x97, 0x9b, 0xb5, 0xbc, 0xae, 0x97, 0x74, 0x51, 0x2c,  0x0,  0x9, 0x24, 0x3b, 0x57, 0x6c, 0x75, 0x8b, 0x99, 0x9b, 0x97, 0x89,
     0x6c, 0x4b, 0x28,  0x0,  0x0,  0x9, 0x24, 0x3b, 0x4b, 0x58, 0x6d, 0x76, 0x76, 0x74, 0x6c, 0x57, 0x3b, 0x1b,  0x0,  0x0,  0x0,  0x8, 0x1b, 0x28, 0x3c, 0x4c, 0x51, 0x52, 0x51, 0x4b,
     0x3b, 0x24,  0x8,  0x8, 0x24, 0x3b, 0x4b, 0x51, 0x51, 0x4c, 0x3b, 0x24,  0x9, 0x1c, 0x3b, 0x57, 0x6c, 0x75, 0x76, 0x6d, 0x58, 0x3b, 0x1c, 0x28, 0x4b, 0x6c, 0x89, 0x97, 0x99, 0x8b,
     0x6d, 0x4c, 0x29, 0x2d, 0x51, 0x75, 0x97, 0xaf, 0xb4, 0x99, 0x76, 0x51, 0x2d, 0x3b, 0x57, 0x76, 0x9b, 0xbe, 0xcd, 0x9b, 0x76, 0x52, 0x2e, 0x4b, 0x6c, 0x89, 0x9b, 0xcd, 0xc5, 0x9b,
     0x76, 0x52, 0x2e, 0x51, 0x74, 0x97, 0xae, 0xc9, 0xb3, 0x99, 0x75, 0x51, 0x2d, 0x4b, 0x6c, 0x89, 0x97, 0x9b, 0x99, 0x8a, 0x6d, 0x4b, 0x29, 0x3b, 0x57, 0x6c, 0x74, 0x76, 0x75, 0x6d,
     0x58, 0x3b, 0x1c, 0x24, 0x3b, 0x4b, 0x51, 0x52, 0x51, 0x4b, 0x3b, 0x24,  0x9, 0x24, 0x3b, 0x4b, 0x51, 0x52, 0x52, 0x51, 0x4b, 0x3b, 0x28, 0x1b,  0x8,  0x0,  0x0, 0x3b, 0x57, 0x6c,
     0x74, 0x76, 0x76, 0x75, 0x6c, 0x57, 0x4b, 0x3b, 0x24,  0x9,  0x0, 0x4b, 0x6c, 0x89, 0x97, 0x9b, 0x9b, 0x97, 0x89, 0x75, 0x6c, 0x57, 0x3c, 0x25,  0x9, 0x51, 0x74, 0x97, 0xad, 0xbc,
     0xbb, 0xaf, 0x9b, 0x97, 0x89, 0x6d, 0x58, 0x3c, 0x24, 0x51, 0x74, 0x97, 0xae, 0xe4, 0xe4, 0xd0, 0xbe, 0xaf, 0x9a, 0x8b, 0x6d, 0x57, 0x3b, 0x4b, 0x6c, 0x89, 0x9a, 0xb6, 0xcd, 0xe4,
     0xe4, 0xce, 0xb7, 0x9a, 0x89, 0x6c, 0x4b, 0x3b, 0x57, 0x6d, 0x8b, 0x9a, 0xae, 0xbc, 0xe4, 0xe7, 0xe4, 0xae, 0x97, 0x74, 0x51, 0x29, 0x4c, 0x6d, 0x8b, 0x99, 0xb1, 0xc8, 0xe5, 0xe4,
     0xc3, 0x9b, 0x89, 0x6c, 0x4b, 0x2d, 0x51, 0x76, 0x99, 0xb5, 0xd0, 0xe5, 0xe4, 0xbe, 0xad, 0x97, 0x74, 0x57, 0x3b, 0x2e, 0x52, 0x76, 0x9b, 0xc9, 0xe4, 0xcb, 0xb4, 0x9b, 0x97, 0x89,
     0x6c, 0x4b, 0x28, 0x2d, 0x52, 0x76, 0x9a, 0xb6, 0xbb, 0xae, 0x99, 0x8b, 0x74, 0x6c, 0x57, 0x3b, 0x1b, 0x29, 0x4c, 0x6d, 0x8b, 0x9a, 0x9b, 0x97, 0x89, 0x6d, 0x58, 0x4b, 0x3b, 0x24,
      0x8, 0x1c, 0x3c, 0x58, 0x6d, 0x76, 0x76, 0x74, 0x6c, 0x57, 0x3b, 0x28, 0x1b,  0x8,  0x0,  0x9, 0x24, 0x3c, 0x4c, 0x52, 0x52, 0x51, 0x4b, 0x3b, 0x24,  0x9,  0x0,  0x0,  0x0, 0x24,
     0x3b, 0x4b, 0x51, 0x52, 0x52, 0x4c, 0x3c, 0x25,  0x9, 0x3b, 0x58, 0x6d, 0x75, 0x76, 0x76, 0x6e, 0x58, 0x3c, 0x1c, 0x4b, 0x6d, 0x8a, 0x99, 0x9b, 0x9b, 0x8c, 0x6e, 0x4c, 0x29, 0x51,
     0x75, 0x99, 0xb3, 0xca, 0xbf, 0x9b, 0x76, 0x52, 0x2e, 0x52, 0x76, 0x9b, 0xbc, 0xe4, 0xce, 0x9b, 0x76, 0x52, 0x2e, 0x51, 0x75, 0x98, 0xb0, 0xc0, 0xb7, 0x9a, 0x76, 0x52, 0x2d, 0x4b,
     0x6c, 0x8a, 0x98, 0x9b, 0x9a, 0x8b, 0x6d, 0x4c, 0x29, 0x3b, 0x57, 0x6c, 0x75, 0x76, 0x76, 0x6d, 0x58, 0x3c, 0x1c, 0x24, 0x3b, 0x4b, 0x51, 0x52, 0x52, 0x4c, 0x3c, 0x24,  0x9,  0x0,
      0x0,  0x0,  0x0,  0x9, 0x25, 0x3c, 0x4c, 0x52, 0x52, 0x51, 0x4b, 0x3b, 0x24,  0x9,  0x0,  0x0,  0x0,  0x9, 0x24, 0x3c, 0x58, 0x6e, 0x76, 0x76, 0x75, 0x6c, 0x57, 0x3b, 0x1c,  0x0,
      0x0,  0x0, 0x1c, 0x3c, 0x58, 0x6e, 0x8c, 0x9b, 0x9b, 0x98, 0x8a, 0x6c, 0x4b, 0x28,  0x0,  0x0,  0x9, 0x29, 0x4c, 0x6d, 0x8b, 0x9b, 0xc0, 0xe4, 0xb1, 0x98, 0x75, 0x51, 0x2d,  0x0,
      0x0, 0x1c, 0x3c, 0x58, 0x76, 0x9a, 0xb7, 0xe4, 0xe4, 0xaf, 0x97, 0x75, 0x51, 0x2d,  0x0,  0x9, 0x29, 0x4c, 0x6d, 0x8b, 0x9b, 0xe4, 0xf3, 0xe4, 0x9b, 0x89, 0x6c, 0x4b, 0x28,  0x0,
     0x1c, 0x3b, 0x57, 0x76, 0x9a, 0xb7, 0xe4, 0xe4, 0xc6, 0x9b, 0x76, 0x57, 0x3b, 0x1c,  0x8, 0x29, 0x4b, 0x6d, 0x8a, 0x9b, 0xd0, 0xe7, 0xe4, 0xaf, 0x97, 0x75, 0x51, 0x2d,  0x8, 0x1c,
     0x3b, 0x57, 0x75, 0x99, 0xb3, 0xe4, 0xe5, 0xc8, 0x9b, 0x89, 0x6c, 0x4b, 0x28,  0x5, 0x28, 0x4b, 0x6c, 0x89, 0x9b, 0xcb, 0xe5, 0xe4, 0xb1, 0x98, 0x75, 0x57, 0x3b, 0x1c,  0x0, 0x2d,
     0x51, 0x75, 0x97, 0xaf, 0xe4, 0xe5, 0xcb, 0x9b, 0x8a, 0x6d, 0x4b, 0x28,  0x8,  0x0, 0x2e, 0x52, 0x76, 0x9b, 0xc5, 0xe4, 0xe4, 0xb3, 0x99, 0x75, 0x57, 0x3b, 0x1c,  0x0,  0x0, 0x2e,
     0x52, 0x76, 0x9b, 0xe4, 0xe5, 0xcb, 0x9b, 0x8a, 0x6d, 0x4b, 0x29,  0x9,  0x0,  0x0, 0x2e, 0x52, 0x76, 0x9b, 0xe4, 0xe4, 0xb0, 0x98, 0x75, 0x57, 0x3b, 0x1c,  0x0,  0x0,  0x0, 0x2d,
     0x52, 0x76, 0x9b, 0xbb, 0xb3, 0x99, 0x89, 0x6c, 0x4b, 0x28,  0x9,  0x0,  0x0,  0x0, 0x29, 0x4c, 0x6e, 0x8c, 0x9b, 0x99, 0x8a, 0x6d, 0x57, 0x3b, 0x1c,  0x0,  0x0,  0x0,  0x0, 0x1c,
     0x3c, 0x58, 0x6e, 0x76, 0x75, 0x6d, 0x57, 0x3b, 0x24,  0x8,  0x0,  0x0,  0x0,  0x0,  0x9, 0x25, 0x3c, 0x4c, 0x52, 0x51, 0x4b, 0x3b, 0x24,  0x9,  0x0,  0x0,  0x0,  0x0,  0x0,  0x9,
     0x25, 0x3c, 0x4c, 0x52, 0x52, 0x52, 0x52, 0x50, 0x4b, 0x3b, 0x24,  0x8,  0x0, 0x24, 0x3c, 0x58, 0x6e, 0x76, 0x76, 0x76, 0x76, 0x74, 0x6c, 0x57, 0x3b, 0x1b,  0x0, 0x3b, 0x57, 0x6e,
     0x8c, 0x9b, 0x9b, 0x9b, 0x9b, 0x97, 0x89, 0x6c, 0x4b, 0x28,  0x8, 0x4b, 0x6c, 0x89, 0x9b, 0xbb, 0xc8, 0xca, 0xbd, 0xad, 0x97, 0x74, 0x57, 0x3b, 0x1b, 0x51, 0x74, 0x97, 0xae, 0xe4,
     0xe4, 0xe4, 0xe4, 0xc3, 0x9b, 0x89, 0x6c, 0x4b, 0x28, 0x4b, 0x6c, 0x89, 0x98, 0xb0, 0xae, 0xb5, 0xe4, 0xe4, 0xae, 0x97, 0x74, 0x51, 0x2d, 0x3b, 0x57, 0x6c, 0x89, 0x98, 0x97, 0x9b,
     0xc2, 0xe4, 0xb6, 0x9a, 0x76, 0x52, 0x2d, 0x24, 0x3b, 0x57, 0x6c, 0x75, 0x8a, 0x9b, 0xbc, 0xe4, 0xb8, 0x9a, 0x76, 0x52, 0x2d,  0x8, 0x29, 0x4c, 0x6e, 0x8c, 0x9b, 0xb1, 0xca, 0xe4,
     0xb4, 0x99, 0x75, 0x51, 0x2d,  0x9, 0x2e, 0x52, 0x76, 0x9b, 0xc0, 0xe4, 0xe4, 0xc6, 0x9b, 0x8a, 0x6d, 0x4b, 0x29,  0x9, 0x2e, 0x52, 0x76, 0x9b, 0xc4, 0xe4, 0xbc, 0xae, 0x97, 0x74,
     0x58, 0x3b, 0x1c,  0x9, 0x2e, 0x52, 0x76, 0x9b, 0xc3, 0xce, 0x9b, 0x97, 0x89, 0x6c, 0x4b, 0x28,  0x9,  0x9, 0x2d, 0x52, 0x76, 0x9a, 0xb7, 0xc1, 0x9b, 0x76, 0x6c, 0x57, 0x3b, 0x1b,
      0x0,  0x8, 0x2d, 0x51, 0x74, 0x97, 0xae, 0xb0, 0x98, 0x89, 0x6c, 0x4b, 0x28,  0x8,  0x0,  0x9, 0x2e, 0x52, 0x76, 0x9b, 0xbf, 0xe4, 0xad, 0x97, 0x74, 0x50, 0x2c,  0x8,  0x0,  0x9,
     0x2d, 0x51, 0x75, 0x98, 0xb1, 0xb7, 0x9a, 0x89, 0x6c, 0x4b, 0x28,  0x5,  0x0,  0x5, 0x28, 0x4b, 0x6d, 0x8a, 0x98, 0x9a, 0x8b, 0x6d, 0x57, 0x3b, 0x1b,  0x0,  0x0,  0x0, 0x1c, 0x3b,
     0x57, 0x6d, 0x75, 0x76, 0x6d, 0x58, 0x3c, 0x24,  0x8,  0x0,  0x0,  0x0,  0x9, 0x24, 0x3b, 0x4b, 0x51, 0x52, 0x4c, 0x3c, 0x24,  0x9,  0x0,  0x0,  0x0,  0x9, 0x25, 0x3c, 0x4c, 0x52,
     0x52, 0x4c, 0x3c, 0x25,  0x9, 0x24, 0x3c, 0x58, 0x6e, 0x76, 0x76, 0x6e, 0x58, 0x3c, 0x1c, 0x3b, 0x57, 0x6e, 0x8c, 0x9b, 0x9a, 0x8b, 0x6e, 0x4c, 0x29, 0x4b, 0x6c, 0x89, 0x9b, 0xbe,
     0xb9, 0x9a, 0x76, 0x52, 0x2d, 0x51, 0x74, 0x97, 0xae, 0xe4, 0xca, 0x9b, 0x76, 0x52, 0x2e, 0x4b, 0x6c, 0x89, 0x9a, 0xb7, 0xb4, 0x99, 0x76, 0x51, 0x2d, 0x3b, 0x57, 0x6d, 0x8b, 0x9a,
     0x99, 0x8b, 0x6d, 0x4c, 0x29, 0x28, 0x4b, 0x6d, 0x8a, 0x98, 0x9a, 0x8b, 0x6d, 0x4c, 0x29, 0x3b, 0x57, 0x75, 0x98, 0xb1, 0xb8, 0x9a, 0x76, 0x52, 0x2d, 0x4b, 0x6c, 0x89, 0x9b, 0xc2,
     0xcb, 0x9b, 0x76, 0x52, 0x2e, 0x51, 0x74, 0x97, 0xae, 0xe4, 0xc1, 0x9b, 0x76, 0x52, 0x2e, 0x51, 0x74, 0x97, 0xae, 0xc3, 0xb0, 0x98, 0x75, 0x51, 0x2d, 0x4b, 0x6c, 0x89, 0x97, 0x9b,
     0x98, 0x89, 0x6c, 0x4b, 0x28, 0x3b, 0x57, 0x6c, 0x74, 0x76, 0x75, 0x6c, 0x57, 0x3b, 0x1c, 0x24, 0x3b, 0x4b, 0x51, 0x52, 0x51, 0x4b, 0x3b, 0x24,  0x8, 0x24, 0x3b, 0x4b, 0x51, 0x52,
     0x52, 0x4c, 0x3c, 0x24,  0x9, 0x3b, 0x57, 0x6c, 0x75, 0x76, 0x76, 0x6d, 0x58, 0x3c, 0x1c, 0x4b, 0x6c, 0x89, 0x98, 0x9b, 0x9a, 0x8b, 0x6d, 0x4c, 0x29, 0x51, 0x75, 0x98, 0xaf, 0xc2,
     0xb7, 0x9a, 0x76, 0x52, 0x2d, 0x52, 0x76, 0x9a, 0xb9, 0xe4, 0xc6, 0x9b, 0x76, 0x52, 0x2e, 0x51, 0x74, 0x97, 0xae, 0xba, 0xb2, 0x98, 0x75, 0x51, 0x2d, 0x4b, 0x6c, 0x89, 0x97, 0x9a,
     0x98, 0x8a, 0x6d, 0x4b, 0x28, 0x3b, 0x57, 0x6c, 0x75, 0x76, 0x76, 0x6d, 0x58, 0x3c, 0x1c, 0x4b, 0x6c, 0x89, 0x98, 0x9b, 0x9a, 0x8b, 0x6d, 0x4c, 0x29, 0x51, 0x75, 0x98, 0xb0, 0xc3,
     0xb7, 0x9a, 0x76, 0x52, 0x2d, 0x52, 0x76, 0x9a, 0xb6, 0xe4, 0xc5, 0x9b, 0x76, 0x52, 0x2e, 0x50, 0x74, 0x97, 0xad, 0xb6, 0xb0, 0x98, 0x75, 0x51, 0x2d, 0x4b, 0x6c, 0x89, 0x97, 0x9a,
     0x98, 0x89, 0x6c, 0x4b, 0x28, 0x3b, 0x57, 0x6c, 0x74, 0x76, 0x75, 0x6c, 0x57, 0x3b, 0x1c, 0x24, 0x3b, 0x4b, 0x50, 0x52, 0x51, 0x4b, 0x3b, 0x24,  0x8, 0x24, 0x3b, 0x4b, 0x51, 0x52,
     0x52, 0x4c, 0x3c, 0x24,  0x9, 0x3b, 0x57, 0x6c, 0x74, 0x76, 0x76, 0x6d, 0x58, 0x3c, 0x1c, 0x4b, 0x6c, 0x89, 0x97, 0x9b, 0x99, 0x8b, 0x6d, 0x4c, 0x29, 0x51, 0x74, 0x97, 0xae, 0xe4,
     0xb5, 0x99, 0x76, 0x52, 0x2d, 0x51, 0x75, 0x98, 0xb0, 0xe4, 0xbb, 0x9b, 0x76, 0x52, 0x2d, 0x51, 0x75, 0x98, 0xb1, 0xe4, 0xb6, 0x9a, 0x76, 0x52, 0x2d, 0x4b, 0x6d, 0x8a, 0x99, 0xb4,
     0xad, 0x97, 0x74, 0x50, 0x2c, 0x3b, 0x57, 0x6d, 0x8b, 0x99, 0x97, 0x89, 0x6c, 0x4b, 0x28, 0x24, 0x3b, 0x58, 0x6d, 0x76, 0x74, 0x6c, 0x57, 0x3b, 0x1b,  0x9, 0x24, 0x3b, 0x4c, 0x51,
     0x50, 0x4b, 0x3b, 0x24,  0x8,  0x9, 0x25, 0x3c, 0x4c, 0x52, 0x51, 0x4b, 0x3b, 0x24,  0x8,  0x0,  0x0,  0x0,  0x0, 0x1c, 0x3c, 0x58, 0x6e, 0x76, 0x75, 0x6c, 0x57, 0x3b, 0x24,  0x8,
      0x0,  0x0,  0x0, 0x29, 0x4c, 0x6e, 0x8b, 0x9a, 0x98, 0x89, 0x6c, 0x57, 0x3b, 0x1b,  0x0,  0x0,  0x0, 0x2d, 0x52, 0x76, 0x9a, 0xb9, 0xaf, 0x98, 0x89, 0x6c, 0x4b, 0x28,  0x8,  0x0,
      0x0, 0x2e, 0x52, 0x76, 0x9b, 0xe4, 0xe4, 0xae, 0x97, 0x74, 0x57, 0x3b, 0x1b,  0x0,  0x0, 0x2e, 0x52, 0x76, 0x9b, 0xe4, 0xe4, 0xc4, 0x9b, 0x89, 0x6c, 0x4b, 0x28,  0x5,  0x0, 0x2e,
     0x52, 0x76, 0x9b, 0xc9, 0xe5, 0xe4, 0xad, 0x97, 0x74, 0x51, 0x2c,  0x9,  0x0, 0x2d, 0x51, 0x76, 0x99, 0xb5, 0xe4, 0xe4, 0xbe, 0x9b, 0x76, 0x58, 0x3b, 0x1c,  0x0, 0x29, 0x4c, 0x6d,
     0x8b, 0x9b, 0xe4, 0xf3, 0xe4, 0x9b, 0x8b, 0x6d, 0x4c, 0x29,  0x8, 0x1c, 0x3b, 0x58, 0x76, 0x9b, 0xbd, 0xe4, 0xe4, 0xb4, 0x99, 0x76, 0x57, 0x3b, 0x1b,  0x9, 0x29, 0x4c, 0x6e, 0x8c,
     0x9b, 0xe4, 0xe5, 0xca, 0x9b, 0x89, 0x6c, 0x4b, 0x28,  0x0, 0x1c, 0x3c, 0x58, 0x76, 0x9b, 0xc5, 0xe4, 0xe4, 0xae, 0x97, 0x74, 0x51, 0x2c,  0x0,  0x9, 0x2d, 0x51, 0x74, 0x97, 0xae,
     0xe4, 0xe4, 0xbe, 0x9b, 0x76, 0x52, 0x2e,  0x0,  0x5, 0x28, 0x4b, 0x6c, 0x89, 0x9b, 0xbe, 0xe4, 0xbd, 0x9b, 0x76, 0x52, 0x2e,  0x0,  0x0, 0x1b, 0x3b, 0x57, 0x6e, 0x8c, 0x9b, 0xaf,
     0x9b, 0x8c, 0x6e, 0x4c, 0x29,  0x0,  0x0,  0x8, 0x24, 0x3c, 0x58, 0x6e, 0x89, 0x98, 0x89, 0x6e, 0x58, 0x3c, 0x1c,  0x0,  0x0,  0x0,  0x9, 0x25, 0x3c, 0x57, 0x6c, 0x75, 0x6c, 0x57,
     0x3c, 0x25,  0x9,  0x0,  0x0,  0x0,  0x0,  0x9, 0x24, 0x3b, 0x4b, 0x51, 0x4b, 0x3b, 0x24,  0x9,  0x0,
};
